drop table if exists friend_pair;

drop table if exists game;

drop table if exists rating_range;

drop table if exists user;

create table friend_pair
(
    id          int auto_increment
        primary key,
    sender_id   int        null,
    receiver_id int        null,
    accepted    tinyint(1) null
);

create table game
(
    id                  int auto_increment
        primary key,
    time                int        null,
    rated               tinyint(1) null,
    winner              varchar(1) null,
    black_rating        int        null,
    white_rating        int        null,
    black_id            int        null,
    white_id            int        null,
    history             text       null,
    played_date         bigint     null,
    black_rating_change int        null,
    white_rating_change int        null
);

create table rating_range
(
    id         int auto_increment
        primary key,
    min_rating int          null,
    win        int          null,
    loss       int          null,
    title      varchar(255) null
);

create table user
(
    id          int auto_increment
        primary key,
    role        varchar(50)  null,
    email       varchar(255) null,
    password    varchar(255) null,
    username    varchar(100) null,
    first_name  varchar(50)  null,
    last_name   varchar(50)  null,
    rating      int          null,
    profile_pic varchar(255) null
);

alter table friend_pair
    add constraint fk_receiver_id
        foreign key (receiver_id) references user (id)
            on update cascade on delete cascade;

alter table friend_pair
    add constraint fk_sender_id
        foreign key (sender_id) references user (id)
            on update cascade on delete cascade;

alter table game
    add constraint black_id
        foreign key (black_id) references user (id)
            on delete set null;

alter table game
    add constraint white_id
        foreign key (white_id) references user (id)
            on delete set null;

INSERT INTO chessempire.rating_range (id, min_rating, win, loss, title) VALUES (1, 0, 30, 0, 'Novice');
INSERT INTO chessempire.rating_range (id, min_rating, win, loss, title) VALUES (2, 200, 30, -10, 'Beginner');
INSERT INTO chessempire.rating_range (id, min_rating, win, loss, title) VALUES (3, 600, 25, -15, 'Intermediate');
INSERT INTO chessempire.rating_range (id, min_rating, win, loss, title) VALUES (4, 1000, 25, -20, 'Skilled');
INSERT INTO chessempire.rating_range (id, min_rating, win, loss, title) VALUES (5, 1500, 20, -20, 'Advanced');
INSERT INTO chessempire.rating_range (id, min_rating, win, loss, title) VALUES (6, 1800, 15, -15, 'Expert');
INSERT INTO chessempire.rating_range (id, min_rating, win, loss, title) VALUES (7, 2000, 15, -20, 'Master');

INSERT INTO chessempire.user (id, role, email, password, username, first_name, last_name, rating, profile_pic) VALUES (1, 'ROLE_ADMIN', 'tim@gmail.com', '2a111c79f70760b670b6f49da72be9ff21e43bf38716245be2d420d08bef04f8', 'SmthFromSpace', 'Timothy', 'Spaceman', 770, 'img/profile-pic-1.png');
INSERT INTO chessempire.user (id, role, email, password, username, first_name, last_name, rating, profile_pic) VALUES (2, 'ROLE_USER', 'slava@gmail.com', '2a111c79f70760b670b6f49da72be9ff21e43bf38716245be2d420d08bef04f8', 'F0menko', 'Slava', 'Fomenko', 1562, null);
INSERT INTO chessempire.user (id, role, email, password, username, first_name, last_name, rating, profile_pic) VALUES (3, 'ROLE_USER', 'john@gmail.com', '2a111c79f70760b670b6f49da72be9ff21e43bf38716245be2d420d08bef04f8', 'JohnDoe', 'John', 'Doe', 594, 'img/profile-pic-3.png');
INSERT INTO chessempire.user (id, role, email, password, username, first_name, last_name, rating, profile_pic) VALUES (5, 'ROLE_USER', 'ipz223_kdm@student.ztu.edu.ua', '2a111c79f70760b670b6f49da72be9ff21e43bf38716245be2d420d08bef04f8', 'aboba', 'Dmytro', 'Kalinovskyi', 100, 'img/profile-pic-5.png');
INSERT INTO chessempire.user (id, role, email, password, username, first_name, last_name, rating, profile_pic) VALUES (6, 'ROLE_USER', 'oleksandrkalenskij7@gmail.com', '2a111c79f70760b670b6f49da72be9ff21e43bf38716245be2d420d08bef04f8', 'Alex', 'Oleksandr', 'Kalenskyy', 90, null);
INSERT INTO chessempire.user (id, role, email, password, username, first_name, last_name, rating, profile_pic) VALUES (7, 'ROLE_USER', 'jane.smith@example.com', '2a111c79f70760b670b6f49da72be9ff21e43bf38716245be2d420d08bef04f8', 'janesmith', 'Jane', 'Smith', 901, null);
INSERT INTO chessempire.user (id, role, email, password, username, first_name, last_name, rating, profile_pic) VALUES (8, 'ROLE_USER', 'alice.jones@example.com', '2a111c79f70760b670b6f49da72be9ff21e43bf38716245be2d420d08bef04f8', 'alicejones', 'Alice', 'Jones', 1074, null);
INSERT INTO chessempire.user (id, role, email, password, username, first_name, last_name, rating, profile_pic) VALUES (9, 'ROLE_USER', 'bob.brown@example.com', '2a111c79f70760b670b6f49da72be9ff21e43bf38716245be2d420d08bef04f8', 'bobbrown', 'Bob', 'Brown', 166, 'img/profile-pic-9.png');
INSERT INTO chessempire.user (id, role, email, password, username, first_name, last_name, rating, profile_pic) VALUES (10, 'ROLE_USER', 'charlie.davis@example.com', '2a111c79f70760b670b6f49da72be9ff21e43bf38716245be2d420d08bef04f8', 'charliedavis', 'Charlie', 'Davis', 108, 'img/profile-pic-10.png');
INSERT INTO chessempire.user (id, role, email, password, username, first_name, last_name, rating, profile_pic) VALUES (11, 'ROLE_USER', 'diana.evans@example.com', '2a111c79f70760b670b6f49da72be9ff21e43bf38716245be2d420d08bef04f8', 'dianaevans', 'Diana', 'Evans', 44, null);
INSERT INTO chessempire.user (id, role, email, password, username, first_name, last_name, rating, profile_pic) VALUES (12, 'ROLE_USER', 'edward.frank@example.com', '2a111c79f70760b670b6f49da72be9ff21e43bf38716245be2d420d08bef04f8', 'edwardfrank', 'Edward', 'Frank', 2399, null);
INSERT INTO chessempire.user (id, role, email, password, username, first_name, last_name, rating, profile_pic) VALUES (13, 'ROLE_USER', 'fiona.griffin@example.com', '2a111c79f70760b670b6f49da72be9ff21e43bf38716245be2d420d08bef04f8', 'fionagriffin', 'Fiona', 'Griffin', 1859, null);
INSERT INTO chessempire.user (id, role, email, password, username, first_name, last_name, rating, profile_pic) VALUES (14, 'ROLE_USER', 'george.harris@example.com', '2a111c79f70760b670b6f49da72be9ff21e43bf38716245be2d420d08bef04f8', 'georgeharris', 'George', 'Harris', 2098, null);
INSERT INTO chessempire.user (id, role, email, password, username, first_name, last_name, rating, profile_pic) VALUES (15, 'ROLE_USER', 'hannah.irwin@example.com', '2a111c79f70760b670b6f49da72be9ff21e43bf38716245be2d420d08bef04f8', 'hannahirwin', 'Hannah', 'Irwin', 2413, null);
INSERT INTO chessempire.user (id, role, email, password, username, first_name, last_name, rating, profile_pic) VALUES (16, 'ROLE_USER', 'lisa.white@example.com', '2a111c79f70760b670b6f49da72be9ff21e43bf38716245be2d420d08bef04f8', 'lisawh1te', 'Lisa', 'White', 768, null);
INSERT INTO chessempire.user (id, role, email, password, username, first_name, last_name, rating, profile_pic) VALUES (17, 'ROLE_USER', 'michael.clark@example.com', '2a111c79f70760b670b6f49da72be9ff21e43bf38716245be2d420d08bef04f8', 'm1chaelclark', 'Michael', 'Clark', 1606, null);
INSERT INTO chessempire.user (id, role, email, password, username, first_name, last_name, rating, profile_pic) VALUES (18, 'ROLE_USER', 'nancy.roberts@example.com', '2a111c79f70760b670b6f49da72be9ff21e43bf38716245be2d420d08bef04f8', 'n4ncyroberts', 'Nancy', 'Roberts', 725, null);
INSERT INTO chessempire.user (id, role, email, password, username, first_name, last_name, rating, profile_pic) VALUES (19, 'ROLE_USER', 'oliver.king@example.com', '2a111c79f70760b670b6f49da72be9ff21e43bf38716245be2d420d08bef04f8', '0liverking', 'Oliver', 'King', 1305, null);
INSERT INTO chessempire.user (id, role, email, password, username, first_name, last_name, rating, profile_pic) VALUES (20, 'ROLE_USER', 'patricia.miller@example.com', '2a111c79f70760b670b6f49da72be9ff21e43bf38716245be2d420d08bef04f8', 'patr1ciamiller', 'Patricia', 'Miller', 1852, null);
INSERT INTO chessempire.user (id, role, email, password, username, first_name, last_name, rating, profile_pic) VALUES (21, 'ROLE_USER', 'quincy.morris@example.com', '2a111c79f70760b670b6f49da72be9ff21e43bf38716245be2d420d08bef04f8', 'qu1ncymorris', 'Quincy', 'Morris', 345, null);
INSERT INTO chessempire.user (id, role, email, password, username, first_name, last_name, rating, profile_pic) VALUES (22, 'ROLE_USER', 'rachel.moore@example.com', '2a111c79f70760b670b6f49da72be9ff21e43bf38716245be2d420d08bef04f8', 'r4chelmoore', 'Rachel', 'Moore', 1170, null);
INSERT INTO chessempire.user (id, role, email, password, username, first_name, last_name, rating, profile_pic) VALUES (23, 'ROLE_USER', 'steven.walker@example.com', '2a111c79f70760b670b6f49da72be9ff21e43bf38716245be2d420d08bef04f8', 'stevenwalker123', 'Steven', 'Walker', 2313, null);
INSERT INTO chessempire.user (id, role, email, password, username, first_name, last_name, rating, profile_pic) VALUES (24, 'ROLE_USER', 'tina.hall@example.com', '2a111c79f70760b670b6f49da72be9ff21e43bf38716245be2d420d08bef04f8', 'tinahall45', 'Tina', 'Hall', 553, null);
INSERT INTO chessempire.user (id, role, email, password, username, first_name, last_name, rating, profile_pic) VALUES (25, 'ROLE_USER', 'victor.lee@example.com', '2a111c79f70760b670b6f49da72be9ff21e43bf38716245be2d420d08bef04f8', 'vict0rlee', 'Victor', 'Lee', 829, null);
INSERT INTO chessempire.user (id, role, email, password, username, first_name, last_name, rating, profile_pic) VALUES (26, 'ROLE_USER', 'wendy.turner@example.com', '2a111c79f70760b670b6f49da72be9ff21e43bf38716245be2d420d08bef04f8', 'wendytur1er', 'Wendy', 'Turner', 2484, null);
INSERT INTO chessempire.user (id, role, email, password, username, first_name, last_name, rating, profile_pic) VALUES (27, 'ROLE_USER', 'xander.collins@example.com', '2a111c79f70760b670b6f49da72be9ff21e43bf38716245be2d420d08bef04f8', 'xandercollins9', 'Xander', 'Collins', 2434, null);
INSERT INTO chessempire.user (id, role, email, password, username, first_name, last_name, rating, profile_pic) VALUES (28, 'ROLE_USER', 'yasmin.parker@example.com', '2a111c79f70760b670b6f49da72be9ff21e43bf38716245be2d420d08bef04f8', 'yasminparker7', 'Yasmin', 'Parker', 2216, null);
INSERT INTO chessempire.user (id, role, email, password, username, first_name, last_name, rating, profile_pic) VALUES (29, 'ROLE_USER', 'zachary.wilson@example.com', '2a111c79f70760b670b6f49da72be9ff21e43bf38716245be2d420d08bef04f8', 'zacharywils0n', 'Zachary', 'Wilson', 1279, null);
INSERT INTO chessempire.user (id, role, email, password, username, first_name, last_name, rating, profile_pic) VALUES (30, 'ROLE_USER', 'amanda.mitchell@example.com', '2a111c79f70760b670b6f49da72be9ff21e43bf38716245be2d420d08bef04f8', 'amandam1tchell', 'Amanda', 'Mitchell', 2246, null);
INSERT INTO chessempire.user (id, role, email, password, username, first_name, last_name, rating, profile_pic) VALUES (31, 'ROLE_USER', 'bradley.scott@example.com', '2a111c79f70760b670b6f49da72be9ff21e43bf38716245be2d420d08bef04f8', 'bradleyscott8', 'Bradley', 'Scott', 2393, null);
INSERT INTO chessempire.user (id, role, email, password, username, first_name, last_name, rating, profile_pic) VALUES (32, 'ROLE_USER', 'christina.hughes@example.com', '2a111c79f70760b670b6f49da72be9ff21e43bf38716245be2d420d08bef04f8', 'chr1stinahughes', 'Christina', 'Hughes', 226, null);
INSERT INTO chessempire.user (id, role, email, password, username, first_name, last_name, rating, profile_pic) VALUES (33, 'ROLE_USER', 'daniel.green@example.com', '2a111c79f70760b670b6f49da72be9ff21e43bf38716245be2d420d08bef04f8', 'danielgreen5', 'Daniel', 'Green', 1453, null);
INSERT INTO chessempire.user (id, role, email, password, username, first_name, last_name, rating, profile_pic) VALUES (34, 'ROLE_USER', 'elizabeth.baker@example.com', '2a111c79f70760b670b6f49da72be9ff21e43bf38716245be2d420d08bef04f8', 'elizabethb4ker', 'Elizabeth', 'Baker', 1586, null);
INSERT INTO chessempire.user (id, role, email, password, username, first_name, last_name, rating, profile_pic) VALUES (35, 'ROLE_USER', 'frank.thomas@example.com', '2a111c79f70760b670b6f49da72be9ff21e43bf38716245be2d420d08bef04f8', 'frankthomas2', 'Frank', 'Thomas', 1071, null);
INSERT INTO chessempire.user (id, role, email, password, username, first_name, last_name, rating, profile_pic) VALUES (36, 'ROLE_USER', 'gavin.ross@example.com', '2a111c79f70760b670b6f49da72be9ff21e43bf38716245be2d420d08bef04f8', 'gavinr055', 'Gavin', 'Ross', 597, null);
INSERT INTO chessempire.user (id, role, email, password, username, first_name, last_name, rating, profile_pic) VALUES (37, 'ROLE_USER', 'heather.wells@example.com', '2a111c79f70760b670b6f49da72be9ff21e43bf38716245be2d420d08bef04f8', 'h3atherwells', 'Heather', 'Wells', 2273, null);
INSERT INTO chessempire.user (id, role, email, password, username, first_name, last_name, rating, profile_pic) VALUES (38, 'ROLE_USER', 'ian.bennett@example.com', '2a111c79f70760b670b6f49da72be9ff21e43bf38716245be2d420d08bef04f8', 'ianbenn3tt', 'Ian', 'Bennett', 2073, null);
INSERT INTO chessempire.user (id, role, email, password, username, first_name, last_name, rating, profile_pic) VALUES (39, 'ROLE_USER', 'julie.adams@example.com', '2a111c79f70760b670b6f49da72be9ff21e43bf38716245be2d420d08bef04f8', 'jul13adams', 'Julie', 'Adams', 1043, null);
INSERT INTO chessempire.user (id, role, email, password, username, first_name, last_name, rating, profile_pic) VALUES (40, 'ROLE_USER', 'kevin.james@example.com', '2a111c79f70760b670b6f49da72be9ff21e43bf38716245be2d420d08bef04f8', 'kevinjames11', 'Kevin', 'James', 1500, null);
INSERT INTO chessempire.user (id, role, email, password, username, first_name, last_name, rating, profile_pic) VALUES (41, 'ROLE_USER', 'laura.hayes@example.com', '2a111c79f70760b670b6f49da72be9ff21e43bf38716245be2d420d08bef04f8', 'laura7ayes', 'Laura', 'Hayes', 1868, null);
INSERT INTO chessempire.user (id, role, email, password, username, first_name, last_name, rating, profile_pic) VALUES (42, 'ROLE_USER', 'matthew.wilson@example.com', '2a111c79f70760b670b6f49da72be9ff21e43bf38716245be2d420d08bef04f8', 'matthew_20', 'Matthew', 'Wilson', 2343, null);
INSERT INTO chessempire.user (id, role, email, password, username, first_name, last_name, rating, profile_pic) VALUES (43, 'ROLE_USER', 'nicole.reed@example.com', '2a111c79f70760b670b6f49da72be9ff21e43bf38716245be2d420d08bef04f8', 'nic0lereed', 'Nicole', 'Reed', 1107, null);
INSERT INTO chessempire.user (id, role, email, password, username, first_name, last_name, rating, profile_pic) VALUES (44, 'ROLE_USER', 'oscar.hughes@example.com', '2a111c79f70760b670b6f49da72be9ff21e43bf38716245be2d420d08bef04f8', 'osc4rhughes', 'Oscar', 'Hughes', 1006, null);
INSERT INTO chessempire.user (id, role, email, password, username, first_name, last_name, rating, profile_pic) VALUES (45, 'ROLE_USER', 'pamela.cox@example.com', '2a111c79f70760b670b6f49da72be9ff21e43bf38716245be2d420d08bef04f8', 'pam3lacox', 'Pamela', 'Cox', 1712, null);
INSERT INTO chessempire.user (id, role, email, password, username, first_name, last_name, rating, profile_pic) VALUES (46, 'ROLE_USER', 'quentin.diaz@example.com', '2a111c79f70760b670b6f49da72be9ff21e43bf38716245be2d420d08bef04f8', 'quent1ndiaz', 'Quentin', 'Diaz', 539, null);
INSERT INTO chessempire.user (id, role, email, password, username, first_name, last_name, rating, profile_pic) VALUES (47, 'ROLE_USER', 'ruth.sanders@example.com', '2a111c79f70760b670b6f49da72be9ff21e43bf38716245be2d420d08bef04f8', 'ruth_5anders', 'Ruth', 'Sanders', 62, null);
INSERT INTO chessempire.user (id, role, email, password, username, first_name, last_name, rating, profile_pic) VALUES (48, 'ROLE_USER', 'samuel.price@example.com', '2a111c79f70760b670b6f49da72be9ff21e43bf38716245be2d420d08bef04f8', 'samuelpr1ce', 'Samuel', 'Price', 1195, null);
INSERT INTO chessempire.user (id, role, email, password, username, first_name, last_name, rating, profile_pic) VALUES (49, 'ROLE_USER', 'theresa.grant@example.com', '2a111c79f70760b670b6f49da72be9ff21e43bf38716245be2d420d08bef04f8', 'theresa_grant7', 'Theresa', 'Grant', 788, null);
INSERT INTO chessempire.user (id, role, email, password, username, first_name, last_name, rating, profile_pic) VALUES (50, 'ROLE_USER', 'umberto.evans@example.com', '2a111c79f70760b670b6f49da72be9ff21e43bf38716245be2d420d08bef04f8', 'umberto3vans', 'Umberto', 'Evans', 354, null);
INSERT INTO chessempire.user (id, role, email, password, username, first_name, last_name, rating, profile_pic) VALUES (51, 'ROLE_USER', 'victoria.smith@example.com', '2a111c79f70760b670b6f49da72be9ff21e43bf38716245be2d420d08bef04f8', 'victoria.sm1th', 'Victoria', 'Smith', 1908, null);
INSERT INTO chessempire.user (id, role, email, password, username, first_name, last_name, rating, profile_pic) VALUES (52, 'ROLE_USER', 'william.bell@example.com', '2a111c79f70760b670b6f49da72be9ff21e43bf38716245be2d420d08bef04f8', 'william.bell9', 'William', 'Bell', 976, null);
INSERT INTO chessempire.user (id, role, email, password, username, first_name, last_name, rating, profile_pic) VALUES (53, 'ROLE_USER', 'xena.daniels@example.com', '2a111c79f70760b670b6f49da72be9ff21e43bf38716245be2d420d08bef04f8', 'xenad4niels', 'Xena', 'Daniels', 1658, null);
INSERT INTO chessempire.user (id, role, email, password, username, first_name, last_name, rating, profile_pic) VALUES (54, 'ROLE_USER', 'yolanda.carter@example.com', '2a111c79f70760b670b6f49da72be9ff21e43bf38716245be2d420d08bef04f8', 'y0landacarter', 'Yolanda', 'Carter', 358, null);
INSERT INTO chessempire.user (id, role, email, password, username, first_name, last_name, rating, profile_pic) VALUES (55, 'ROLE_USER', 'zane.anderson@example.com', '2a111c79f70760b670b6f49da72be9ff21e43bf38716245be2d420d08bef04f8', 'zane.anders0n', 'Zane', 'Anderson', 1820, null);
INSERT INTO chessempire.user (id, role, email, password, username, first_name, last_name, rating, profile_pic) VALUES (56, 'ROLE_USER', 'andrew.hall@example.com', '2a111c79f70760b670b6f49da72be9ff21e43bf38716245be2d420d08bef04f8', 'andrew.h4ll', 'Andrew', 'Hall', 524, null);
INSERT INTO chessempire.user (id, role, email, password, username, first_name, last_name, rating, profile_pic) VALUES (57, 'ROLE_USER', 'betty.morgan@example.com', '2a111c79f70760b670b6f49da72be9ff21e43bf38716245be2d420d08bef04f8', 'bettym0rgan', 'Betty', 'Morgan', 2162, null);
INSERT INTO chessempire.user (id, role, email, password, username, first_name, last_name, rating, profile_pic) VALUES (58, 'ROLE_USER', 'charles.fisher@example.com', '2a111c79f70760b670b6f49da72be9ff21e43bf38716245be2d420d08bef04f8', 'charlesf1sher', 'Charles', 'Fisher', 1736, null);
INSERT INTO chessempire.user (id, role, email, password, username, first_name, last_name, rating, profile_pic) VALUES (59, 'ROLE_USER', 'diana.fox@example.com', '2a111c79f70760b670b6f49da72be9ff21e43bf38716245be2d420d08bef04f8', 'diana.fox7', 'Diana', 'Fox', 2194, null);
INSERT INTO chessempire.user (id, role, email, password, username, first_name, last_name, rating, profile_pic) VALUES (60, 'ROLE_USER', 'edward.sullivan@example.com', '2a111c79f70760b670b6f49da72be9ff21e43bf38716245be2d420d08bef04f8', 'edwardsull1van', 'Edward', 'Sullivan', 761, null);
INSERT INTO chessempire.user (id, role, email, password, username, first_name, last_name, rating, profile_pic) VALUES (61, 'ROLE_USER', 'frances.taylor@example.com', '2a111c79f70760b670b6f49da72be9ff21e43bf38716245be2d420d08bef04f8', 'frances.tayl0r', 'Frances', 'Taylor', 2226, null);
INSERT INTO chessempire.user (id, role, email, password, username, first_name, last_name, rating, profile_pic) VALUES (62, 'ROLE_USER', 'george.morris@example.com', '2a111c79f70760b670b6f49da72be9ff21e43bf38716245be2d420d08bef04f8', 'ge0rgemorris', 'George', 'Morris', 1344, null);
INSERT INTO chessempire.user (id, role, email, password, username, first_name, last_name, rating, profile_pic) VALUES (63, 'ROLE_USER', 'helen.martin@example.com', '2a111c79f70760b670b6f49da72be9ff21e43bf38716245be2d420d08bef04f8', 'helenmart1n', 'Helen', 'Martin', 42, null);
INSERT INTO chessempire.user (id, role, email, password, username, first_name, last_name, rating, profile_pic) VALUES (64, 'ROLE_USER', 'ian.ward@example.com', '2a111c79f70760b670b6f49da72be9ff21e43bf38716245be2d420d08bef04f8', 'ianw4rd', 'Ian', 'Ward', 1180, null);
INSERT INTO chessempire.user (id, role, email, password, username, first_name, last_name, rating, profile_pic) VALUES (65, 'ROLE_USER', 'jessica.evans@example.com', '2a111c79f70760b670b6f49da72be9ff21e43bf38716245be2d420d08bef04f8', 'jessica.evans99', 'Jessica', 'Evans', 773, null);
INSERT INTO chessempire.user (id, role, email, password, username, first_name, last_name, rating, profile_pic) VALUES (66, 'ROLE_USER', 'kevin.turner@example.com', '2a111c79f70760b670b6f49da72be9ff21e43bf38716245be2d420d08bef04f8', 'kev1nturner', 'Kevin', 'Turner', 323, null);
INSERT INTO chessempire.user (id, role, email, password, username, first_name, last_name, rating, profile_pic) VALUES (67, 'ROLE_USER', 'linda.hughes@example.com', '2a111c79f70760b670b6f49da72be9ff21e43bf38716245be2d420d08bef04f8', 'lindahugh3s', 'Linda', 'Hughes', 1801, null);
INSERT INTO chessempire.user (id, role, email, password, username, first_name, last_name, rating, profile_pic) VALUES (68, 'ROLE_USER', 'mark.baker@example.com', '2a111c79f70760b670b6f49da72be9ff21e43bf38716245be2d420d08bef04f8', 'markb4ker', 'Mark', 'Baker', 533, null);
INSERT INTO chessempire.user (id, role, email, password, username, first_name, last_name, rating, profile_pic) VALUES (69, 'ROLE_USER', 'nancy.foster@example.com', '2a111c79f70760b670b6f49da72be9ff21e43bf38716245be2d420d08bef04f8', 'nancyfost3r', 'Nancy', 'Foster', 2265, null);
INSERT INTO chessempire.user (id, role, email, password, username, first_name, last_name, rating, profile_pic) VALUES (70, 'ROLE_USER', 'oscar.simpson@example.com', '2a111c79f70760b670b6f49da72be9ff21e43bf38716245be2d420d08bef04f8', 'oscarsimps0n', 'Oscar', 'Simpson', 2223, null);
INSERT INTO chessempire.user (id, role, email, password, username, first_name, last_name, rating, profile_pic) VALUES (71, 'ROLE_USER', 'patricia.wood@example.com', '2a111c79f70760b670b6f49da72be9ff21e43bf38716245be2d420d08bef04f8', 'patriciaw00d', 'Patricia', 'Wood', 1817, null);
INSERT INTO chessempire.user (id, role, email, password, username, first_name, last_name, rating, profile_pic) VALUES (72, 'ROLE_USER', 'robert.bell@example.com', '2a111c79f70760b670b6f49da72be9ff21e43bf38716245be2d420d08bef04f8', 'robertb3ll', 'Robert', 'Bell', 2419, null);
INSERT INTO chessempire.user (id, role, email, password, username, first_name, last_name, rating, profile_pic) VALUES (73, 'ROLE_USER', 'susan.davis@example.com', '2a111c79f70760b670b6f49da72be9ff21e43bf38716245be2d420d08bef04f8', 'susand4vis', 'Susan', 'Davis', 1644, null);
INSERT INTO chessempire.user (id, role, email, password, username, first_name, last_name, rating, profile_pic) VALUES (74, 'ROLE_USER', 'thomas.johnson@example.com', '2a111c79f70760b670b6f49da72be9ff21e43bf38716245be2d420d08bef04f8', 'th0masjohnson', 'Thomas', 'Johnson', 962, null);
INSERT INTO chessempire.user (id, role, email, password, username, first_name, last_name, rating, profile_pic) VALUES (75, 'ROLE_USER', 'ursula.king@example.com', '2a111c79f70760b670b6f49da72be9ff21e43bf38716245be2d420d08bef04f8', 'ursulaking7', 'Ursula', 'King', 2379, null);
INSERT INTO chessempire.user (id, role, email, password, username, first_name, last_name, rating, profile_pic) VALUES (76, 'ROLE_USER', 'vanessa.moore@example.com', '2a111c79f70760b670b6f49da72be9ff21e43bf38716245be2d420d08bef04f8', 'vanessa.mo0re', 'Vanessa', 'Moore', 1506, null);
INSERT INTO chessempire.user (id, role, email, password, username, first_name, last_name, rating, profile_pic) VALUES (77, 'ROLE_USER', 'william.carter@example.com', '2a111c79f70760b670b6f49da72be9ff21e43bf38716245be2d420d08bef04f8', 'william.c4rter', 'William', 'Carter', 394, null);
INSERT INTO chessempire.user (id, role, email, password, username, first_name, last_name, rating, profile_pic) VALUES (78, 'ROLE_USER', 'xavier.lee@example.com', '2a111c79f70760b670b6f49da72be9ff21e43bf38716245be2d420d08bef04f8', 'xavierl33', 'Xavier', 'Lee', 2454, null);
INSERT INTO chessempire.user (id, role, email, password, username, first_name, last_name, rating, profile_pic) VALUES (79, 'ROLE_USER', 'yvonne.collins@example.com', '2a111c79f70760b670b6f49da72be9ff21e43bf38716245be2d420d08bef04f8', 'yvonneco11ins', 'Yvonne', 'Collins', 1083, null);
INSERT INTO chessempire.user (id, role, email, password, username, first_name, last_name, rating, profile_pic) VALUES (80, 'ROLE_USER', 'zachary.hughes@example.com', '2a111c79f70760b670b6f49da72be9ff21e43bf38716245be2d420d08bef04f8', 'zacharyhugh3s', 'Zachary', 'Hughes', 557, null);
INSERT INTO chessempire.user (id, role, email, password, username, first_name, last_name, rating, profile_pic) VALUES (81, 'ROLE_USER', 'alice.henderson@example.com', '2a111c79f70760b670b6f49da72be9ff21e43bf38716245be2d420d08bef04f8', 'alic3henderson', 'Alice', 'Henderson', 2035, null);
INSERT INTO chessempire.user (id, role, email, password, username, first_name, last_name, rating, profile_pic) VALUES (82, 'ROLE_USER', 'brandon.jenkins@example.com', '2a111c79f70760b670b6f49da72be9ff21e43bf38716245be2d420d08bef04f8', 'brandonjenk1ns', 'Brandon', 'Jenkins', 1003, null);
INSERT INTO chessempire.user (id, role, email, password, username, first_name, last_name, rating, profile_pic) VALUES (83, 'ROLE_USER', 'carolyn.cox@example.com', '2a111c79f70760b670b6f49da72be9ff21e43bf38716245be2d420d08bef04f8', 'carolync0x', 'Carolyn', 'Cox', 1411, null);
INSERT INTO chessempire.user (id, role, email, password, username, first_name, last_name, rating, profile_pic) VALUES (84, 'ROLE_USER', 'dennis.brooks@example.com', '2a111c79f70760b670b6f49da72be9ff21e43bf38716245be2d420d08bef04f8', 'dennisbr00ks', 'Dennis', 'Brooks', 1546, null);
INSERT INTO chessempire.user (id, role, email, password, username, first_name, last_name, rating, profile_pic) VALUES (85, 'ROLE_USER', 'emily.ward@example.com', '2a111c79f70760b670b6f49da72be9ff21e43bf38716245be2d420d08bef04f8', 'emilyward22', 'Emily', 'Ward', 997, null);
INSERT INTO chessempire.user (id, role, email, password, username, first_name, last_name, rating, profile_pic) VALUES (86, 'ROLE_USER', 'frank.martin@example.com', '2a111c79f70760b670b6f49da72be9ff21e43bf38716245be2d420d08bef04f8', 'frankmart1n', 'Frank', 'Martin', 348, null);
INSERT INTO chessempire.user (id, role, email, password, username, first_name, last_name, rating, profile_pic) VALUES (87, 'ROLE_USER', 'grace.turner@example.com', '2a111c79f70760b670b6f49da72be9ff21e43bf38716245be2d420d08bef04f8', 'graceturner77', 'Grace', 'Turner', 1248, null);
INSERT INTO chessempire.user (id, role, email, password, username, first_name, last_name, rating, profile_pic) VALUES (88, 'ROLE_USER', 'henry.jenkins@example.com', '2a111c79f70760b670b6f49da72be9ff21e43bf38716245be2d420d08bef04f8', 'henryjenk1ns', 'Henry', 'Jenkins', 197, null);
INSERT INTO chessempire.user (id, role, email, password, username, first_name, last_name, rating, profile_pic) VALUES (89, 'ROLE_USER', 'isabella.hall@example.com', '2a111c79f70760b670b6f49da72be9ff21e43bf38716245be2d420d08bef04f8', 'isabella.h4ll', 'Isabella', 'Hall', 2242, null);
INSERT INTO chessempire.user (id, role, email, password, username, first_name, last_name, rating, profile_pic) VALUES (90, 'ROLE_USER', 'jackson.evans@example.com', '2a111c79f70760b670b6f49da72be9ff21e43bf38716245be2d420d08bef04f8', 'jackson.evans123', 'Jackson', 'Evans', 614, null);
INSERT INTO chessempire.user (id, role, email, password, username, first_name, last_name, rating, profile_pic) VALUES (91, 'ROLE_USER', 'karen.sanders@example.com', '2a111c79f70760b670b6f49da72be9ff21e43bf38716245be2d420d08bef04f8', 'karensand3rs', 'Karen', 'Sanders', 1348, null);
INSERT INTO chessempire.user (id, role, email, password, username, first_name, last_name, rating, profile_pic) VALUES (92, 'ROLE_USER', 'larry.patterson@example.com', '2a111c79f70760b670b6f49da72be9ff21e43bf38716245be2d420d08bef04f8', 'larrypatt3rson', 'Larry', 'Patterson', 2397, null);
INSERT INTO chessempire.user (id, role, email, password, username, first_name, last_name, rating, profile_pic) VALUES (93, 'ROLE_USER', 'michelle.james@example.com', '2a111c79f70760b670b6f49da72be9ff21e43bf38716245be2d420d08bef04f8', 'michellejames9', 'Michelle', 'James', 441, null);
INSERT INTO chessempire.user (id, role, email, password, username, first_name, last_name, rating, profile_pic) VALUES (94, 'ROLE_USER', 'nathaniel.bryant@example.com', '2a111c79f70760b670b6f49da72be9ff21e43bf38716245be2d420d08bef04f8', 'nathanielbry4nt', 'Nathaniel', 'Bryant', 14, null);
INSERT INTO chessempire.user (id, role, email, password, username, first_name, last_name, rating, profile_pic) VALUES (95, 'ROLE_USER', 'olivia.ross@example.com', '2a111c79f70760b670b6f49da72be9ff21e43bf38716245be2d420d08bef04f8', 'olivia.r055', 'Olivia', 'Ross', 1249, null);
INSERT INTO chessempire.user (id, role, email, password, username, first_name, last_name, rating, profile_pic) VALUES (96, 'ROLE_USER', 'alex.murphy@example.com', '2a111c79f70760b670b6f49da72be9ff21e43bf38716245be2d420d08bef04f8', 'alexmurph3y', 'Alex', 'Murphy', 1203, null);
INSERT INTO chessempire.user (id, role, email, password, username, first_name, last_name, rating, profile_pic) VALUES (97, 'ROLE_USER', 'brian.stewart@example.com', '2a111c79f70760b670b6f49da72be9ff21e43bf38716245be2d420d08bef04f8', 'brianst3wart', 'Brian', 'Stewart', 2268, null);
INSERT INTO chessempire.user (id, role, email, password, username, first_name, last_name, rating, profile_pic) VALUES (98, 'ROLE_USER', 'chloe.diaz@example.com', '2a111c79f70760b670b6f49da72be9ff21e43bf38716245be2d420d08bef04f8', 'chlo3diaz', 'Chloe', 'Diaz', 230, null);
INSERT INTO chessempire.user (id, role, email, password, username, first_name, last_name, rating, profile_pic) VALUES (99, 'ROLE_USER', 'dylan.russell@example.com', '2a111c79f70760b670b6f49da72be9ff21e43bf38716245be2d420d08bef04f8', 'dylanruss3ll', 'Dylan', 'Russell', 1847, null);
INSERT INTO chessempire.user (id, role, email, password, username, first_name, last_name, rating, profile_pic) VALUES (100, 'ROLE_USER', 'ella.morris@example.com', '2a111c79f70760b670b6f49da72be9ff21e43bf38716245be2d420d08bef04f8', 'ellam0rris', 'Ella', 'Morris', 1045, null);
INSERT INTO chessempire.user (id, role, email, password, username, first_name, last_name, rating, profile_pic) VALUES (101, 'ROLE_USER', 'felix.howard@example.com', '2a111c79f70760b670b6f49da72be9ff21e43bf38716245be2d420d08bef04f8', 'felixh0ward', 'Felix', 'Howard', 2183, null);
INSERT INTO chessempire.user (id, role, email, password, username, first_name, last_name, rating, profile_pic) VALUES (102, 'ROLE_USER', 'gina.ward@example.com', '2a111c79f70760b670b6f49da72be9ff21e43bf38716245be2d420d08bef04f8', 'gina.ward9', 'Gina', 'Ward', 280, null);
INSERT INTO chessempire.user (id, role, email, password, username, first_name, last_name, rating, profile_pic) VALUES (103, 'ROLE_USER', 'harry.jenkins@example.com', '2a111c79f70760b670b6f49da72be9ff21e43bf38716245be2d420d08bef04f8', 'harryj3nkins', 'Harry', 'Jenkins', 2353, null);
INSERT INTO chessempire.user (id, role, email, password, username, first_name, last_name, rating, profile_pic) VALUES (104, 'ROLE_USER', 'irene.kelly@example.com', '2a111c79f70760b670b6f49da72be9ff21e43bf38716245be2d420d08bef04f8', 'iren3kelly', 'Irene', 'Kelly', 924, null);
INSERT INTO chessempire.user (id, role, email, password, username, first_name, last_name, rating, profile_pic) VALUES (105, 'ROLE_USER', 'james.owen@example.com', '2a111c79f70760b670b6f49da72be9ff21e43bf38716245be2d420d08bef04f8', 'james0wen', 'James', 'Owen', 60, null);
INSERT INTO chessempire.user (id, role, email, password, username, first_name, last_name, rating, profile_pic) VALUES (106, 'ROLE_USER', 'katie.martin@example.com', '2a111c79f70760b670b6f49da72be9ff21e43bf38716245be2d420d08bef04f8', 'katiem4rtin', 'Katie', 'Martin', 31, null);
INSERT INTO chessempire.user (id, role, email, password, username, first_name, last_name, rating, profile_pic) VALUES (107, 'ROLE_USER', 'liam.scott@example.com', '2a111c79f70760b670b6f49da72be9ff21e43bf38716245be2d420d08bef04f8', 'liamsc0tt', 'Liam', 'Scott', 2478, null);
INSERT INTO chessempire.user (id, role, email, password, username, first_name, last_name, rating, profile_pic) VALUES (108, 'ROLE_USER', 'mia.clark@example.com', '2a111c79f70760b670b6f49da72be9ff21e43bf38716245be2d420d08bef04f8', 'mia.clark22', 'Mia', 'Clark', 2292, null);
INSERT INTO chessempire.user (id, role, email, password, username, first_name, last_name, rating, profile_pic) VALUES (109, 'ROLE_USER', 'nina.lewis@example.com', '2a111c79f70760b670b6f49da72be9ff21e43bf38716245be2d420d08bef04f8', 'ninal3wis', 'Nina', 'Lewis', 1526, null);
INSERT INTO chessempire.user (id, role, email, password, username, first_name, last_name, rating, profile_pic) VALUES (110, 'ROLE_USER', 'oliver.anderson@example.com', '2a111c79f70760b670b6f49da72be9ff21e43bf38716245be2d420d08bef04f8', 'oliverand3rson', 'Oliver', 'Anderson', 755, null);
INSERT INTO chessempire.user (id, role, email, password, username, first_name, last_name, rating, profile_pic) VALUES (111, 'ROLE_USER', 'paula.reed@example.com', '2a111c79f70760b670b6f49da72be9ff21e43bf38716245be2d420d08bef04f8', 'paulareed9', 'Paula', 'Reed', 1700, null);
INSERT INTO chessempire.user (id, role, email, password, username, first_name, last_name, rating, profile_pic) VALUES (112, 'ROLE_USER', 'quentin.bailey@example.com', '2a111c79f70760b670b6f49da72be9ff21e43bf38716245be2d420d08bef04f8', 'qu3ntinbailey', 'Quentin', 'Bailey', 1232, null);
INSERT INTO chessempire.user (id, role, email, password, username, first_name, last_name, rating, profile_pic) VALUES (113, 'ROLE_USER', 'rachel.young@example.com', '2a111c79f70760b670b6f49da72be9ff21e43bf38716245be2d420d08bef04f8', 'rachel.young7', 'Rachel', 'Young', 1061, null);
INSERT INTO chessempire.user (id, role, email, password, username, first_name, last_name, rating, profile_pic) VALUES (114, 'ROLE_USER', 'samuel.morris@example.com', '2a111c79f70760b670b6f49da72be9ff21e43bf38716245be2d420d08bef04f8', 'samuel.m0rris', 'Samuel', 'Morris', 1610, null);
INSERT INTO chessempire.user (id, role, email, password, username, first_name, last_name, rating, profile_pic) VALUES (115, 'ROLE_USER', 'tina.walker@example.com', '2a111c79f70760b670b6f49da72be9ff21e43bf38716245be2d420d08bef04f8', 'tin4walker', 'Tina', 'Walker', 2367, null);
INSERT INTO chessempire.user (id, role, email, password, username, first_name, last_name, rating, profile_pic) VALUES (116, 'ROLE_USER', 'victoria.bennett@example.com', '2a111c79f70760b670b6f49da72be9ff21e43bf38716245be2d420d08bef04f8', 'victoria.benn3tt', 'Victoria', 'Bennett', 1121, null);
INSERT INTO chessempire.user (id, role, email, password, username, first_name, last_name, rating, profile_pic) VALUES (117, 'ROLE_USER', 'walter.ramirez@example.com', '2a111c79f70760b670b6f49da72be9ff21e43bf38716245be2d420d08bef04f8', 'walter.ram1rez', 'Walter', 'Ramirez', 229, null);
INSERT INTO chessempire.user (id, role, email, password, username, first_name, last_name, rating, profile_pic) VALUES (118, 'ROLE_USER', 'xena.martinez@example.com', '2a111c79f70760b670b6f49da72be9ff21e43bf38716245be2d420d08bef04f8', 'xen4martinez', 'Xena', 'Martinez', 583, null);
INSERT INTO chessempire.user (id, role, email, password, username, first_name, last_name, rating, profile_pic) VALUES (119, 'ROLE_USER', 'yasmine.reed@example.com', '2a111c79f70760b670b6f49da72be9ff21e43bf38716245be2d420d08bef04f8', 'yasmine.re3d', 'Yasmine', 'Reed', 827, null);
INSERT INTO chessempire.user (id, role, email, password, username, first_name, last_name, rating, profile_pic) VALUES (120, 'ROLE_USER', 'zane.torres@example.com', '2a111c79f70760b670b6f49da72be9ff21e43bf38716245be2d420d08bef04f8', 'zan3torres', 'Zane', 'Torres', 988, null);
INSERT INTO chessempire.user (id, role, email, password, username, first_name, last_name, rating, profile_pic) VALUES (121, 'ROLE_USER', 'ava.richardson@example.com', '2a111c79f70760b670b6f49da72be9ff21e43bf38716245be2d420d08bef04f8', 'avarich4rdson', 'Ava', 'Richardson', 1056, null);
INSERT INTO chessempire.user (id, role, email, password, username, first_name, last_name, rating, profile_pic) VALUES (122, 'ROLE_USER', 'benjamin.cox@example.com', '2a111c79f70760b670b6f49da72be9ff21e43bf38716245be2d420d08bef04f8', 'benjamin.c0x', 'Benjamin', 'Cox', 916, null);
INSERT INTO chessempire.user (id, role, email, password, username, first_name, last_name, rating, profile_pic) VALUES (123, 'ROLE_USER', 'carla.ross@example.com', '2a111c79f70760b670b6f49da72be9ff21e43bf38716245be2d420d08bef04f8', 'carla.ross9', 'Carla', 'Ross', 10, null);
INSERT INTO chessempire.user (id, role, email, password, username, first_name, last_name, rating, profile_pic) VALUES (124, 'ROLE_USER', 'derek.bailey@example.com', '2a111c79f70760b670b6f49da72be9ff21e43bf38716245be2d420d08bef04f8', 'derek.b4iley', 'Derek', 'Bailey', 108, null);
INSERT INTO chessempire.user (id, role, email, password, username, first_name, last_name, rating, profile_pic) VALUES (125, 'ROLE_USER', 'eva.hill@example.com', '2a111c79f70760b670b6f49da72be9ff21e43bf38716245be2d420d08bef04f8', 'evahill22', 'Eva', 'Hill', 507, null);
INSERT INTO chessempire.user (id, role, email, password, username, first_name, last_name, rating, profile_pic) VALUES (126, 'ROLE_USER', 'fred.king@example.com', '2a111c79f70760b670b6f49da72be9ff21e43bf38716245be2d420d08bef04f8', 'fred.k1ng', 'Fred', 'King', 812, null);
INSERT INTO chessempire.user (id, role, email, password, username, first_name, last_name, rating, profile_pic) VALUES (127, 'ROLE_USER', 'gloria.scott@example.com', '2a111c79f70760b670b6f49da72be9ff21e43bf38716245be2d420d08bef04f8', 'gloria.sc0tt', 'Gloria', 'Scott', 1136, null);
INSERT INTO chessempire.user (id, role, email, password, username, first_name, last_name, rating, profile_pic) VALUES (128, 'ROLE_USER', 'hank.morris@example.com', '2a111c79f70760b670b6f49da72be9ff21e43bf38716245be2d420d08bef04f8', 'hankm0rris', 'Hank', 'Morris', 445, null);
INSERT INTO chessempire.user (id, role, email, password, username, first_name, last_name, rating, profile_pic) VALUES (129, 'ROLE_USER', 'isla.jenkins@example.com', '2a111c79f70760b670b6f49da72be9ff21e43bf38716245be2d420d08bef04f8', 'islaj3nkins', 'Isla', 'Jenkins', 219, null);
INSERT INTO chessempire.user (id, role, email, password, username, first_name, last_name, rating, profile_pic) VALUES (130, 'ROLE_USER', 'jackie.wright@example.com', '2a111c79f70760b670b6f49da72be9ff21e43bf38716245be2d420d08bef04f8', 'jackiewright7', 'Jackie', 'Wright', 1162, null);
INSERT INTO chessempire.user (id, role, email, password, username, first_name, last_name, rating, profile_pic) VALUES (131, 'ROLE_USER', 'kyle.mitchell@example.com', '2a111c79f70760b670b6f49da72be9ff21e43bf38716245be2d420d08bef04f8', 'kylemitche11', 'Kyle', 'Mitchell', 952, null);
INSERT INTO chessempire.user (id, role, email, password, username, first_name, last_name, rating, profile_pic) VALUES (132, 'ROLE_USER', 'lily.perez@example.com', '2a111c79f70760b670b6f49da72be9ff21e43bf38716245be2d420d08bef04f8', 'lilyp3rez', 'Lily', 'Perez', 1271, null);
INSERT INTO chessempire.user (id, role, email, password, username, first_name, last_name, rating, profile_pic) VALUES (133, 'ROLE_USER', 'mike.brown@example.com', '2a111c79f70760b670b6f49da72be9ff21e43bf38716245be2d420d08bef04f8', 'mikebrown9', 'Mike', 'Brown', 700, null);
INSERT INTO chessempire.user (id, role, email, password, username, first_name, last_name, rating, profile_pic) VALUES (134, 'ROLE_USER', 'nina.morris@example.com', '2a111c79f70760b670b6f49da72be9ff21e43bf38716245be2d420d08bef04f8', 'ninam0rris', 'Nina', 'Morris', 1089, null);
INSERT INTO chessempire.user (id, role, email, password, username, first_name, last_name, rating, profile_pic) VALUES (135, 'ROLE_USER', 'oscar.cox@example.com', '2a111c79f70760b670b6f49da72be9ff21e43bf38716245be2d420d08bef04f8', 'osc4rcox', 'Oscar', 'Cox', 541, null);
INSERT INTO chessempire.user (id, role, email, password, username, first_name, last_name, rating, profile_pic) VALUES (136, 'ROLE_USER', 'aaron.cook@example.com', '2a111c79f70760b670b6f49da72be9ff21e43bf38716245be2d420d08bef04f8', 'aaron.c00k', 'Aaron', 'Cook', 720, null);
INSERT INTO chessempire.user (id, role, email, password, username, first_name, last_name, rating, profile_pic) VALUES (137, 'ROLE_USER', 'bella.morgan@example.com', '2a111c79f70760b670b6f49da72be9ff21e43bf38716245be2d420d08bef04f8', 'bella.m0rgan', 'Bella', 'Morgan', 1010, null);
INSERT INTO chessempire.user (id, role, email, password, username, first_name, last_name, rating, profile_pic) VALUES (138, 'ROLE_USER', 'caleb.fisher@example.com', '2a111c79f70760b670b6f49da72be9ff21e43bf38716245be2d420d08bef04f8', 'calebf1sher', 'Caleb', 'Fisher', 486, null);
INSERT INTO chessempire.user (id, role, email, password, username, first_name, last_name, rating, profile_pic) VALUES (139, 'ROLE_USER', 'daisy.long@example.com', '2a111c79f70760b670b6f49da72be9ff21e43bf38716245be2d420d08bef04f8', 'daisyl0ng', 'Daisy', 'Long', 602, null);
INSERT INTO chessempire.user (id, role, email, password, username, first_name, last_name, rating, profile_pic) VALUES (140, 'ROLE_USER', 'ethan.mcdonald@example.com', '2a111c79f70760b670b6f49da72be9ff21e43bf38716245be2d420d08bef04f8', 'ethan.mcd0nald', 'Ethan', 'McDonald', 354, null);
INSERT INTO chessempire.user (id, role, email, password, username, first_name, last_name, rating, profile_pic) VALUES (141, 'ROLE_USER', 'fiona.patterson@example.com', '2a111c79f70760b670b6f49da72be9ff21e43bf38716245be2d420d08bef04f8', 'fionapatt3rson', 'Fiona', 'Patterson', 1164, null);
INSERT INTO chessempire.user (id, role, email, password, username, first_name, last_name, rating, profile_pic) VALUES (142, 'ROLE_USER', 'george.coleman@example.com', '2a111c79f70760b670b6f49da72be9ff21e43bf38716245be2d420d08bef04f8', 'george.c0leman', 'George', 'Coleman', 1156, null);
INSERT INTO chessempire.user (id, role, email, password, username, first_name, last_name, rating, profile_pic) VALUES (143, 'ROLE_USER', 'hannah.morris@example.com', '2a111c79f70760b670b6f49da72be9ff21e43bf38716245be2d420d08bef04f8', 'hannahm0rris', 'Hannah', 'Morris', 1089, null);
INSERT INTO chessempire.user (id, role, email, password, username, first_name, last_name, rating, profile_pic) VALUES (144, 'ROLE_USER', 'ian.carter@example.com', '2a111c79f70760b670b6f49da72be9ff21e43bf38716245be2d420d08bef04f8', 'ianc4rter', 'Ian', 'Carter', 775, null);
INSERT INTO chessempire.user (id, role, email, password, username, first_name, last_name, rating, profile_pic) VALUES (145, 'ROLE_USER', 'jessica.young@example.com', '2a111c79f70760b670b6f49da72be9ff21e43bf38716245be2d420d08bef04f8', 'jessicay0ung', 'Jessica', 'Young', 608, null);
INSERT INTO chessempire.user (id, role, email, password, username, first_name, last_name, rating, profile_pic) VALUES (146, 'ROLE_USER', 'kevin.hughes@example.com', '2a111c79f70760b670b6f49da72be9ff21e43bf38716245be2d420d08bef04f8', 'kev1nhughes', 'Kevin', 'Hughes', 716, null);
INSERT INTO chessempire.user (id, role, email, password, username, first_name, last_name, rating, profile_pic) VALUES (147, 'ROLE_USER', 'linda.perry@example.com', '2a111c79f70760b670b6f49da72be9ff21e43bf38716245be2d420d08bef04f8', 'lindap3rry', 'Linda', 'Perry', 557, null);
INSERT INTO chessempire.user (id, role, email, password, username, first_name, last_name, rating, profile_pic) VALUES (148, 'ROLE_USER', 'michael.brooks@example.com', '2a111c79f70760b670b6f49da72be9ff21e43bf38716245be2d420d08bef04f8', 'michaelbro0ks', 'Michael', 'Brooks', 635, null);
INSERT INTO chessempire.user (id, role, email, password, username, first_name, last_name, rating, profile_pic) VALUES (149, 'ROLE_USER', 'nora.price@example.com', '2a111c79f70760b670b6f49da72be9ff21e43bf38716245be2d420d08bef04f8', 'norapric3', 'Nora', 'Price', 305, null);
INSERT INTO chessempire.user (id, role, email, password, username, first_name, last_name, rating, profile_pic) VALUES (150, 'ROLE_USER', 'oliver.hughes@example.com', '2a111c79f70760b670b6f49da72be9ff21e43bf38716245be2d420d08bef04f8', '0liverhughes', 'Oliver', 'Hughes', 822, null);
INSERT INTO chessempire.user (id, role, email, password, username, first_name, last_name, rating, profile_pic) VALUES (151, 'ROLE_USER', 'paige.wells@example.com', '2a111c79f70760b670b6f49da72be9ff21e43bf38716245be2d420d08bef04f8', 'paigew3lls', 'Paige', 'Wells', 794, null);
INSERT INTO chessempire.user (id, role, email, password, username, first_name, last_name, rating, profile_pic) VALUES (152, 'ROLE_USER', 'quincy.reid@example.com', '2a111c79f70760b670b6f49da72be9ff21e43bf38716245be2d420d08bef04f8', 'qu1ncyreid', 'Quincy', 'Reid', 304, null);
INSERT INTO chessempire.user (id, role, email, password, username, first_name, last_name, rating, profile_pic) VALUES (153, 'ROLE_USER', 'ryan.hart@example.com', '2a111c79f70760b670b6f49da72be9ff21e43bf38716245be2d420d08bef04f8', 'ryan.h4rt', 'Ryan', 'Hart', 336, null);
INSERT INTO chessempire.user (id, role, email, password, username, first_name, last_name, rating, profile_pic) VALUES (154, 'ROLE_USER', 'sophia.clark@example.com', '2a111c79f70760b670b6f49da72be9ff21e43bf38716245be2d420d08bef04f8', 'sophia.cl4rk', 'Sophia', 'Clark', 772, null);
INSERT INTO chessempire.user (id, role, email, password, username, first_name, last_name, rating, profile_pic) VALUES (155, 'ROLE_USER', 'thomas.murphy@example.com', '2a111c79f70760b670b6f49da72be9ff21e43bf38716245be2d420d08bef04f8', 'th0masmurphy', 'Thomas', 'Murphy', 451, null);
INSERT INTO chessempire.user (id, role, email, password, username, first_name, last_name, rating, profile_pic) VALUES (156, 'ROLE_USER', 'patrick.sullivan@example.com', '2a111c79f70760b670b6f49da72be9ff21e43bf38716245be2d420d08bef04f8', 'patrick.sullivan', 'Patrick', 'Sullivan', 951, null);
INSERT INTO chessempire.user (id, role, email, password, username, first_name, last_name, rating, profile_pic) VALUES (157, 'ROLE_USER', 'olivia.smith@example.com', '2a111c79f70760b670b6f49da72be9ff21e43bf38716245be2d420d08bef04f8', 'olivia.smith', 'Olivia', 'Smith', 623, null);
INSERT INTO chessempire.user (id, role, email, password, username, first_name, last_name, rating, profile_pic) VALUES (158, 'ROLE_USER', 'nathan.johnson@example.com', '2a111c79f70760b670b6f49da72be9ff21e43bf38716245be2d420d08bef04f8', 'nathan.johnson', 'Nathan', 'Johnson', 265, null);
INSERT INTO chessempire.user (id, role, email, password, username, first_name, last_name, rating, profile_pic) VALUES (159, 'ROLE_USER', 'molly.brown@example.com', '2a111c79f70760b670b6f49da72be9ff21e43bf38716245be2d420d08bef04f8', 'molly.brown', 'Molly', 'Brown', 457, null);
INSERT INTO chessempire.user (id, role, email, password, username, first_name, last_name, rating, profile_pic) VALUES (160, 'ROLE_USER', 'lucas.anderson@example.com', '2a111c79f70760b670b6f49da72be9ff21e43bf38716245be2d420d08bef04f8', 'lucas.anderson', 'Lucas', 'Anderson', 487, null);
INSERT INTO chessempire.user (id, role, email, password, username, first_name, last_name, rating, profile_pic) VALUES (161, 'ROLE_USER', 'katie.wilson@example.com', '2a111c79f70760b670b6f49da72be9ff21e43bf38716245be2d420d08bef04f8', 'katie.wilson', 'Katie', 'Wilson', 65, null);
INSERT INTO chessempire.user (id, role, email, password, username, first_name, last_name, rating, profile_pic) VALUES (162, 'ROLE_USER', 'joshua.martin@example.com', '2a111c79f70760b670b6f49da72be9ff21e43bf38716245be2d420d08bef04f8', 'joshua.martin', 'Joshua', 'Martin', 864, null);
INSERT INTO chessempire.user (id, role, email, password, username, first_name, last_name, rating, profile_pic) VALUES (163, 'ROLE_USER', 'isabella.lewis@example.com', '2a111c79f70760b670b6f49da72be9ff21e43bf38716245be2d420d08bef04f8', 'isabella.lewis', 'Isabella', 'Lewis', 125, null);
INSERT INTO chessempire.user (id, role, email, password, username, first_name, last_name, rating, profile_pic) VALUES (164, 'ROLE_USER', 'harrison.james@example.com', '2a111c79f70760b670b6f49da72be9ff21e43bf38716245be2d420d08bef04f8', 'harrison.james', 'Harrison', 'James', 34, null);
INSERT INTO chessempire.user (id, role, email, password, username, first_name, last_name, rating, profile_pic) VALUES (165, 'ROLE_USER', 'grace.jackson@example.com', '2a111c79f70760b670b6f49da72be9ff21e43bf38716245be2d420d08bef04f8', 'grace.jackson', 'Grace', 'Jackson', 796, null);
INSERT INTO chessempire.user (id, role, email, password, username, first_name, last_name, rating, profile_pic) VALUES (166, 'ROLE_USER', 'ethan.morris@example.com', '2a111c79f70760b670b6f49da72be9ff21e43bf38716245be2d420d08bef04f8', 'ethan.morris', 'Ethan', 'Morris', 877, null);
INSERT INTO chessempire.user (id, role, email, password, username, first_name, last_name, rating, profile_pic) VALUES (167, 'ROLE_USER', 'emily.white@example.com', '2a111c79f70760b670b6f49da72be9ff21e43bf38716245be2d420d08bef04f8', 'emily.white', 'Emily', 'White', 996, null);
INSERT INTO chessempire.user (id, role, email, password, username, first_name, last_name, rating, profile_pic) VALUES (168, 'ROLE_USER', 'daniel.clark@example.com', '2a111c79f70760b670b6f49da72be9ff21e43bf38716245be2d420d08bef04f8', 'daniel.clark', 'Daniel', 'Clark', 346, null);
INSERT INTO chessempire.user (id, role, email, password, username, first_name, last_name, rating, profile_pic) VALUES (169, 'ROLE_USER', 'charlotte.jones@example.com', '2a111c79f70760b670b6f49da72be9ff21e43bf38716245be2d420d08bef04f8', 'charlotte.jones', 'Charlotte', 'Jones', 746, null);
INSERT INTO chessempire.user (id, role, email, password, username, first_name, last_name, rating, profile_pic) VALUES (170, 'ROLE_USER', 'benjamin.king@example.com', '2a111c79f70760b670b6f49da72be9ff21e43bf38716245be2d420d08bef04f8', 'benjamin.king', 'Benjamin', 'King', 692, null);
INSERT INTO chessempire.user (id, role, email, password, username, first_name, last_name, rating, profile_pic) VALUES (171, 'ROLE_USER', 'ava.carter@example.com', '2a111c79f70760b670b6f49da72be9ff21e43bf38716245be2d420d08bef04f8', 'ava.carter', 'Ava', 'Carter', 221, null);
INSERT INTO chessempire.user (id, role, email, password, username, first_name, last_name, rating, profile_pic) VALUES (172, 'ROLE_USER', 'alexander.walker@example.com', '2a111c79f70760b670b6f49da72be9ff21e43bf38716245be2d420d08bef04f8', 'alexander.walker', 'Alexander', 'Walker', 29, null);
INSERT INTO chessempire.user (id, role, email, password, username, first_name, last_name, rating, profile_pic) VALUES (173, 'ROLE_USER', 'amelia.cooper@example.com', '2a111c79f70760b670b6f49da72be9ff21e43bf38716245be2d420d08bef04f8', 'amelia.cooper', 'Amelia', 'Cooper', 484, null);
INSERT INTO chessempire.user (id, role, email, password, username, first_name, last_name, rating, profile_pic) VALUES (174, 'ROLE_USER', 'aiden.mitchell@example.com', '2a111c79f70760b670b6f49da72be9ff21e43bf38716245be2d420d08bef04f8', 'aiden.mitchell', 'Aiden', 'Mitchell', 332, null);
INSERT INTO chessempire.user (id, role, email, password, username, first_name, last_name, rating, profile_pic) VALUES (175, 'ROLE_USER', 'abigail.thompson@example.com', '2a111c79f70760b670b6f49da72be9ff21e43bf38716245be2d420d08bef04f8', 'abigail.thompson', 'Abigail', 'Thompson', 250, null);
INSERT INTO chessempire.user (id, role, email, password, username, first_name, last_name, rating, profile_pic) VALUES (176, 'ROLE_USER', 'sophia.roberts@example.com', '2a111c79f70760b670b6f49da72be9ff21e43bf38716245be2d420d08bef04f8', 'sophia.roberts', 'Sophia', 'Roberts', 46, null);
INSERT INTO chessempire.user (id, role, email, password, username, first_name, last_name, rating, profile_pic) VALUES (177, 'ROLE_USER', 'jack.hall@example.com', '2a111c79f70760b670b6f49da72be9ff21e43bf38716245be2d420d08bef04f8', 'jack.hall', 'Jack', 'Hall', 606, null);
INSERT INTO chessempire.user (id, role, email, password, username, first_name, last_name, rating, profile_pic) VALUES (178, 'ROLE_USER', 'mia.adams@example.com', '2a111c79f70760b670b6f49da72be9ff21e43bf38716245be2d420d08bef04f8', 'mia.adams', 'Mia', 'Adams', 893, null);
INSERT INTO chessempire.user (id, role, email, password, username, first_name, last_name, rating, profile_pic) VALUES (179, 'ROLE_USER', 'ethan.ross@example.com', '2a111c79f70760b670b6f49da72be9ff21e43bf38716245be2d420d08bef04f8', 'ethan.ross', 'Ethan', 'Ross', 643, null);
INSERT INTO chessempire.user (id, role, email, password, username, first_name, last_name, rating, profile_pic) VALUES (180, 'ROLE_USER', 'olivia.wright@example.com', '2a111c79f70760b670b6f49da72be9ff21e43bf38716245be2d420d08bef04f8', 'olivia.wright', 'Olivia', 'Wright', 538, null);
INSERT INTO chessempire.user (id, role, email, password, username, first_name, last_name, rating, profile_pic) VALUES (181, 'ROLE_USER', 'liam.king@example.com', '2a111c79f70760b670b6f49da72be9ff21e43bf38716245be2d420d08bef04f8', 'liam.king', 'Liam', 'King', 763, null);
INSERT INTO chessempire.user (id, role, email, password, username, first_name, last_name, rating, profile_pic) VALUES (182, 'ROLE_USER', 'ava.richards@example.com', '2a111c79f70760b670b6f49da72be9ff21e43bf38716245be2d420d08bef04f8', 'ava.richards', 'Ava', 'Richards', 196, null);
INSERT INTO chessempire.user (id, role, email, password, username, first_name, last_name, rating, profile_pic) VALUES (183, 'ROLE_USER', 'noah.morris@example.com', '2a111c79f70760b670b6f49da72be9ff21e43bf38716245be2d420d08bef04f8', 'noah.morris', 'Noah', 'Morris', 695, null);
INSERT INTO chessempire.user (id, role, email, password, username, first_name, last_name, rating, profile_pic) VALUES (184, 'ROLE_USER', 'isabella.morgan@example.com', '2a111c79f70760b670b6f49da72be9ff21e43bf38716245be2d420d08bef04f8', 'isabella.morgan', 'Isabella', 'Morgan', 885, null);
INSERT INTO chessempire.user (id, role, email, password, username, first_name, last_name, rating, profile_pic) VALUES (185, 'ROLE_USER', 'william.hughes@example.com', '2a111c79f70760b670b6f49da72be9ff21e43bf38716245be2d420d08bef04f8', 'william.hughes', 'William', 'Hughes', 338, null);
INSERT INTO chessempire.user (id, role, email, password, username, first_name, last_name, rating, profile_pic) VALUES (186, 'ROLE_USER', 'mia.carter@example.com', '2a111c79f70760b670b6f49da72be9ff21e43bf38716245be2d420d08bef04f8', 'mia.carter', 'Mia', 'Carter', 37, null);
INSERT INTO chessempire.user (id, role, email, password, username, first_name, last_name, rating, profile_pic) VALUES (187, 'ROLE_USER', 'ethan.alexander@example.com', '2a111c79f70760b670b6f49da72be9ff21e43bf38716245be2d420d08bef04f8', 'ethan.alexander', 'Ethan', 'Alexander', 171, null);
INSERT INTO chessempire.user (id, role, email, password, username, first_name, last_name, rating, profile_pic) VALUES (188, 'ROLE_USER', 'ava.cooper@example.com', '2a111c79f70760b670b6f49da72be9ff21e43bf38716245be2d420d08bef04f8', 'ava.cooper', 'Ava', 'Cooper', 744, null);
INSERT INTO chessempire.user (id, role, email, password, username, first_name, last_name, rating, profile_pic) VALUES (189, 'ROLE_USER', 'noah.martin@example.com', '2a111c79f70760b670b6f49da72be9ff21e43bf38716245be2d420d08bef04f8', 'noah.martin', 'Noah', 'Martin', 207, null);
INSERT INTO chessempire.user (id, role, email, password, username, first_name, last_name, rating, profile_pic) VALUES (190, 'ROLE_USER', 'sophia.king@example.com', '2a111c79f70760b670b6f49da72be9ff21e43bf38716245be2d420d08bef04f8', 'sophia.king', 'Sophia', 'King', 804, null);
INSERT INTO chessempire.user (id, role, email, password, username, first_name, last_name, rating, profile_pic) VALUES (191, 'ROLE_USER', 'liam.watson@example.com', '2a111c79f70760b670b6f49da72be9ff21e43bf38716245be2d420d08bef04f8', 'liam.watson', 'Liam', 'Watson', 396, null);
INSERT INTO chessempire.user (id, role, email, password, username, first_name, last_name, rating, profile_pic) VALUES (192, 'ROLE_USER', 'ava.grant@example.com', '2a111c79f70760b670b6f49da72be9ff21e43bf38716245be2d420d08bef04f8', 'ava.grant', 'Ava', 'Grant', 570, null);
INSERT INTO chessempire.user (id, role, email, password, username, first_name, last_name, rating, profile_pic) VALUES (193, 'ROLE_USER', 'william.wilson@example.com', '2a111c79f70760b670b6f49da72be9ff21e43bf38716245be2d420d08bef04f8', 'william.wilson', 'William', 'Wilson', 663, null);
INSERT INTO chessempire.user (id, role, email, password, username, first_name, last_name, rating, profile_pic) VALUES (194, 'ROLE_USER', 'mia.foster@example.com', '2a111c79f70760b670b6f49da72be9ff21e43bf38716245be2d420d08bef04f8', 'mia.foster', 'Mia', 'Foster', 602, null);


INSERT INTO chessempire.friend_pair (id, sender_id, receiver_id, accepted) VALUES (2, 133, 164, 0);
INSERT INTO chessempire.friend_pair (id, sender_id, receiver_id, accepted) VALUES (3, 30, 49, 0);
INSERT INTO chessempire.friend_pair (id, sender_id, receiver_id, accepted) VALUES (4, 152, 30, 0);
INSERT INTO chessempire.friend_pair (id, sender_id, receiver_id, accepted) VALUES (5, 81, 122, 0);
INSERT INTO chessempire.friend_pair (id, sender_id, receiver_id, accepted) VALUES (6, 173, 111, 0);
INSERT INTO chessempire.friend_pair (id, sender_id, receiver_id, accepted) VALUES (7, 36, 40, 0);
INSERT INTO chessempire.friend_pair (id, sender_id, receiver_id, accepted) VALUES (8, 92, 145, 0);
INSERT INTO chessempire.friend_pair (id, sender_id, receiver_id, accepted) VALUES (9, 61, 63, 0);
INSERT INTO chessempire.friend_pair (id, sender_id, receiver_id, accepted) VALUES (10, 133, 85, 0);
INSERT INTO chessempire.friend_pair (id, sender_id, receiver_id, accepted) VALUES (11, 27, 74, 0);
INSERT INTO chessempire.friend_pair (id, sender_id, receiver_id, accepted) VALUES (12, 94, 52, 0);
INSERT INTO chessempire.friend_pair (id, sender_id, receiver_id, accepted) VALUES (13, 174, 129, 0);
INSERT INTO chessempire.friend_pair (id, sender_id, receiver_id, accepted) VALUES (14, 123, 36, 0);
INSERT INTO chessempire.friend_pair (id, sender_id, receiver_id, accepted) VALUES (15, 2, 98, 0);
INSERT INTO chessempire.friend_pair (id, sender_id, receiver_id, accepted) VALUES (16, 94, 177, 0);
INSERT INTO chessempire.friend_pair (id, sender_id, receiver_id, accepted) VALUES (17, 19, 148, 0);
INSERT INTO chessempire.friend_pair (id, sender_id, receiver_id, accepted) VALUES (18, 98, 46, 0);
INSERT INTO chessempire.friend_pair (id, sender_id, receiver_id, accepted) VALUES (19, 131, 126, 0);
INSERT INTO chessempire.friend_pair (id, sender_id, receiver_id, accepted) VALUES (20, 46, 42, 0);
INSERT INTO chessempire.friend_pair (id, sender_id, receiver_id, accepted) VALUES (21, 75, 52, 0);
INSERT INTO chessempire.friend_pair (id, sender_id, receiver_id, accepted) VALUES (22, 36, 21, 0);
INSERT INTO chessempire.friend_pair (id, sender_id, receiver_id, accepted) VALUES (23, 191, 116, 0);
INSERT INTO chessempire.friend_pair (id, sender_id, receiver_id, accepted) VALUES (24, 7, 76, 0);
INSERT INTO chessempire.friend_pair (id, sender_id, receiver_id, accepted) VALUES (25, 163, 6, 0);
INSERT INTO chessempire.friend_pair (id, sender_id, receiver_id, accepted) VALUES (26, 119, 192, 0);
INSERT INTO chessempire.friend_pair (id, sender_id, receiver_id, accepted) VALUES (27, 20, 105, 0);
INSERT INTO chessempire.friend_pair (id, sender_id, receiver_id, accepted) VALUES (28, 77, 71, 0);
INSERT INTO chessempire.friend_pair (id, sender_id, receiver_id, accepted) VALUES (29, 121, 5, 0);
INSERT INTO chessempire.friend_pair (id, sender_id, receiver_id, accepted) VALUES (30, 50, 39, 0);
INSERT INTO chessempire.friend_pair (id, sender_id, receiver_id, accepted) VALUES (31, 45, 106, 0);
INSERT INTO chessempire.friend_pair (id, sender_id, receiver_id, accepted) VALUES (32, 9, 113, 0);
INSERT INTO chessempire.friend_pair (id, sender_id, receiver_id, accepted) VALUES (33, 151, 25, 0);
INSERT INTO chessempire.friend_pair (id, sender_id, receiver_id, accepted) VALUES (54, 7, 10, 0);
INSERT INTO chessempire.friend_pair (id, sender_id, receiver_id, accepted) VALUES (55, 8, 9, 0);
INSERT INTO chessempire.friend_pair (id, sender_id, receiver_id, accepted) VALUES (56, 2, 1, 0);
INSERT INTO chessempire.friend_pair (id, sender_id, receiver_id, accepted) VALUES (59, 8, 10, 0);
INSERT INTO chessempire.friend_pair (id, sender_id, receiver_id, accepted) VALUES (60, 5, 7, 0);
INSERT INTO chessempire.friend_pair (id, sender_id, receiver_id, accepted) VALUES (61, 6, 9, 0);
INSERT INTO chessempire.friend_pair (id, sender_id, receiver_id, accepted) VALUES (62, 9, 7, 0);
INSERT INTO chessempire.friend_pair (id, sender_id, receiver_id, accepted) VALUES (70, 3, 6, 0);
INSERT INTO chessempire.friend_pair (id, sender_id, receiver_id, accepted) VALUES (71, 1, 8, 0);
INSERT INTO chessempire.friend_pair (id, sender_id, receiver_id, accepted) VALUES (72, 5, 9, 0);
INSERT INTO chessempire.friend_pair (id, sender_id, receiver_id, accepted) VALUES (73, 10, 2, 0);
INSERT INTO chessempire.friend_pair (id, sender_id, receiver_id, accepted) VALUES (84, 5, 2, 0);
INSERT INTO chessempire.friend_pair (id, sender_id, receiver_id, accepted) VALUES (85, 7, 8, 0);
INSERT INTO chessempire.friend_pair (id, sender_id, receiver_id, accepted) VALUES (86, 9, 1, 1);
INSERT INTO chessempire.friend_pair (id, sender_id, receiver_id, accepted) VALUES (88, 6, 2, 0);
INSERT INTO chessempire.friend_pair (id, sender_id, receiver_id, accepted) VALUES (111, 62, 5, 1);
INSERT INTO chessempire.friend_pair (id, sender_id, receiver_id, accepted) VALUES (112, 37, 71, 1);
INSERT INTO chessempire.friend_pair (id, sender_id, receiver_id, accepted) VALUES (113, 45, 10, 1);
INSERT INTO chessempire.friend_pair (id, sender_id, receiver_id, accepted) VALUES (114, 14, 40, 1);
INSERT INTO chessempire.friend_pair (id, sender_id, receiver_id, accepted) VALUES (115, 58, 71, 1);
INSERT INTO chessempire.friend_pair (id, sender_id, receiver_id, accepted) VALUES (116, 79, 83, 1);
INSERT INTO chessempire.friend_pair (id, sender_id, receiver_id, accepted) VALUES (117, 74, 24, 1);
INSERT INTO chessempire.friend_pair (id, sender_id, receiver_id, accepted) VALUES (118, 97, 13, 1);
INSERT INTO chessempire.friend_pair (id, sender_id, receiver_id, accepted) VALUES (119, 71, 19, 1);
INSERT INTO chessempire.friend_pair (id, sender_id, receiver_id, accepted) VALUES (120, 78, 35, 1);
INSERT INTO chessempire.friend_pair (id, sender_id, receiver_id, accepted) VALUES (121, 40, 96, 1);
INSERT INTO chessempire.friend_pair (id, sender_id, receiver_id, accepted) VALUES (122, 60, 9, 1);
INSERT INTO chessempire.friend_pair (id, sender_id, receiver_id, accepted) VALUES (123, 63, 91, 1);
INSERT INTO chessempire.friend_pair (id, sender_id, receiver_id, accepted) VALUES (124, 63, 42, 1);
INSERT INTO chessempire.friend_pair (id, sender_id, receiver_id, accepted) VALUES (125, 22, 83, 1);
INSERT INTO chessempire.friend_pair (id, sender_id, receiver_id, accepted) VALUES (126, 48, 91, 1);
INSERT INTO chessempire.friend_pair (id, sender_id, receiver_id, accepted) VALUES (127, 10, 78, 1);
INSERT INTO chessempire.friend_pair (id, sender_id, receiver_id, accepted) VALUES (128, 57, 52, 1);
INSERT INTO chessempire.friend_pair (id, sender_id, receiver_id, accepted) VALUES (129, 87, 79, 1);
INSERT INTO chessempire.friend_pair (id, sender_id, receiver_id, accepted) VALUES (131, 71, 49, 1);
INSERT INTO chessempire.friend_pair (id, sender_id, receiver_id, accepted) VALUES (153, 18, 32, 1);
INSERT INTO chessempire.friend_pair (id, sender_id, receiver_id, accepted) VALUES (154, 6, 33, 1);
INSERT INTO chessempire.friend_pair (id, sender_id, receiver_id, accepted) VALUES (155, 45, 27, 1);
INSERT INTO chessempire.friend_pair (id, sender_id, receiver_id, accepted) VALUES (156, 98, 8, 1);
INSERT INTO chessempire.friend_pair (id, sender_id, receiver_id, accepted) VALUES (157, 44, 98, 1);
INSERT INTO chessempire.friend_pair (id, sender_id, receiver_id, accepted) VALUES (158, 58, 95, 1);
INSERT INTO chessempire.friend_pair (id, sender_id, receiver_id, accepted) VALUES (159, 99, 12, 1);
INSERT INTO chessempire.friend_pair (id, sender_id, receiver_id, accepted) VALUES (160, 62, 72, 1);
INSERT INTO chessempire.friend_pair (id, sender_id, receiver_id, accepted) VALUES (161, 76, 61, 1);
INSERT INTO chessempire.friend_pair (id, sender_id, receiver_id, accepted) VALUES (162, 79, 13, 1);
INSERT INTO chessempire.friend_pair (id, sender_id, receiver_id, accepted) VALUES (163, 24, 80, 1);
INSERT INTO chessempire.friend_pair (id, sender_id, receiver_id, accepted) VALUES (164, 28, 98, 1);
INSERT INTO chessempire.friend_pair (id, sender_id, receiver_id, accepted) VALUES (165, 8, 44, 1);
INSERT INTO chessempire.friend_pair (id, sender_id, receiver_id, accepted) VALUES (166, 98, 56, 1);
INSERT INTO chessempire.friend_pair (id, sender_id, receiver_id, accepted) VALUES (167, 88, 68, 1);
INSERT INTO chessempire.friend_pair (id, sender_id, receiver_id, accepted) VALUES (168, 78, 83, 1);
INSERT INTO chessempire.friend_pair (id, sender_id, receiver_id, accepted) VALUES (169, 83, 65, 1);
INSERT INTO chessempire.friend_pair (id, sender_id, receiver_id, accepted) VALUES (170, 75, 81, 1);
INSERT INTO chessempire.friend_pair (id, sender_id, receiver_id, accepted) VALUES (171, 79, 53, 1);
INSERT INTO chessempire.friend_pair (id, sender_id, receiver_id, accepted) VALUES (172, 25, 64, 1);
INSERT INTO chessempire.friend_pair (id, sender_id, receiver_id, accepted) VALUES (173, 47, 43, 1);
INSERT INTO chessempire.friend_pair (id, sender_id, receiver_id, accepted) VALUES (174, 73, 37, 1);
INSERT INTO chessempire.friend_pair (id, sender_id, receiver_id, accepted) VALUES (175, 66, 19, 1);
INSERT INTO chessempire.friend_pair (id, sender_id, receiver_id, accepted) VALUES (176, 94, 12, 1);
INSERT INTO chessempire.friend_pair (id, sender_id, receiver_id, accepted) VALUES (177, 80, 64, 1);
INSERT INTO chessempire.friend_pair (id, sender_id, receiver_id, accepted) VALUES (178, 77, 95, 1);
INSERT INTO chessempire.friend_pair (id, sender_id, receiver_id, accepted) VALUES (179, 44, 32, 1);
INSERT INTO chessempire.friend_pair (id, sender_id, receiver_id, accepted) VALUES (180, 27, 39, 1);
INSERT INTO chessempire.friend_pair (id, sender_id, receiver_id, accepted) VALUES (181, 15, 55, 1);
INSERT INTO chessempire.friend_pair (id, sender_id, receiver_id, accepted) VALUES (182, 31, 91, 1);
INSERT INTO chessempire.friend_pair (id, sender_id, receiver_id, accepted) VALUES (183, 60, 25, 1);
INSERT INTO chessempire.friend_pair (id, sender_id, receiver_id, accepted) VALUES (184, 46, 55, 1);
INSERT INTO chessempire.friend_pair (id, sender_id, receiver_id, accepted) VALUES (185, 36, 13, 1);
INSERT INTO chessempire.friend_pair (id, sender_id, receiver_id, accepted) VALUES (186, 59, 53, 1);
INSERT INTO chessempire.friend_pair (id, sender_id, receiver_id, accepted) VALUES (187, 87, 78, 1);
INSERT INTO chessempire.friend_pair (id, sender_id, receiver_id, accepted) VALUES (188, 26, 99, 1);
INSERT INTO chessempire.friend_pair (id, sender_id, receiver_id, accepted) VALUES (189, 13, 70, 1);
INSERT INTO chessempire.friend_pair (id, sender_id, receiver_id, accepted) VALUES (190, 11, 44, 1);
INSERT INTO chessempire.friend_pair (id, sender_id, receiver_id, accepted) VALUES (191, 86, 98, 1);
INSERT INTO chessempire.friend_pair (id, sender_id, receiver_id, accepted) VALUES (192, 32, 64, 1);
INSERT INTO chessempire.friend_pair (id, sender_id, receiver_id, accepted) VALUES (193, 25, 32, 1);
INSERT INTO chessempire.friend_pair (id, sender_id, receiver_id, accepted) VALUES (194, 84, 22, 1);
INSERT INTO chessempire.friend_pair (id, sender_id, receiver_id, accepted) VALUES (216, 49, 36, 1);
INSERT INTO chessempire.friend_pair (id, sender_id, receiver_id, accepted) VALUES (217, 29, 40, 1);
INSERT INTO chessempire.friend_pair (id, sender_id, receiver_id, accepted) VALUES (218, 10, 30, 1);
INSERT INTO chessempire.friend_pair (id, sender_id, receiver_id, accepted) VALUES (219, 20, 8, 1);
INSERT INTO chessempire.friend_pair (id, sender_id, receiver_id, accepted) VALUES (220, 82, 85, 1);
INSERT INTO chessempire.friend_pair (id, sender_id, receiver_id, accepted) VALUES (221, 77, 30, 1);
INSERT INTO chessempire.friend_pair (id, sender_id, receiver_id, accepted) VALUES (222, 17, 95, 1);
INSERT INTO chessempire.friend_pair (id, sender_id, receiver_id, accepted) VALUES (223, 24, 35, 1);
INSERT INTO chessempire.friend_pair (id, sender_id, receiver_id, accepted) VALUES (224, 3, 8, 1);
INSERT INTO chessempire.friend_pair (id, sender_id, receiver_id, accepted) VALUES (225, 31, 32, 1);
INSERT INTO chessempire.friend_pair (id, sender_id, receiver_id, accepted) VALUES (226, 67, 38, 1);
INSERT INTO chessempire.friend_pair (id, sender_id, receiver_id, accepted) VALUES (227, 87, 19, 1);
INSERT INTO chessempire.friend_pair (id, sender_id, receiver_id, accepted) VALUES (228, 36, 21, 1);
INSERT INTO chessempire.friend_pair (id, sender_id, receiver_id, accepted) VALUES (229, 97, 22, 1);
INSERT INTO chessempire.friend_pair (id, sender_id, receiver_id, accepted) VALUES (230, 19, 29, 1);
INSERT INTO chessempire.friend_pair (id, sender_id, receiver_id, accepted) VALUES (231, 87, 48, 1);
INSERT INTO chessempire.friend_pair (id, sender_id, receiver_id, accepted) VALUES (232, 80, 52, 1);
INSERT INTO chessempire.friend_pair (id, sender_id, receiver_id, accepted) VALUES (233, 21, 48, 1);
INSERT INTO chessempire.friend_pair (id, sender_id, receiver_id, accepted) VALUES (234, 78, 45, 1);
INSERT INTO chessempire.friend_pair (id, sender_id, receiver_id, accepted) VALUES (235, 92, 25, 1);
INSERT INTO chessempire.friend_pair (id, sender_id, receiver_id, accepted) VALUES (236, 48, 64, 1);
INSERT INTO chessempire.friend_pair (id, sender_id, receiver_id, accepted) VALUES (237, 77, 92, 1);
INSERT INTO chessempire.friend_pair (id, sender_id, receiver_id, accepted) VALUES (238, 30, 71, 1);
INSERT INTO chessempire.friend_pair (id, sender_id, receiver_id, accepted) VALUES (239, 65, 10, 1);
INSERT INTO chessempire.friend_pair (id, sender_id, receiver_id, accepted) VALUES (240, 58, 56, 1);
INSERT INTO chessempire.friend_pair (id, sender_id, receiver_id, accepted) VALUES (241, 6, 63, 1);
INSERT INTO chessempire.friend_pair (id, sender_id, receiver_id, accepted) VALUES (242, 95, 87, 1);
INSERT INTO chessempire.friend_pair (id, sender_id, receiver_id, accepted) VALUES (243, 50, 88, 1);
INSERT INTO chessempire.friend_pair (id, sender_id, receiver_id, accepted) VALUES (244, 90, 83, 1);
INSERT INTO chessempire.friend_pair (id, sender_id, receiver_id, accepted) VALUES (245, 46, 80, 1);
INSERT INTO chessempire.friend_pair (id, sender_id, receiver_id, accepted) VALUES (246, 60, 61, 1);
INSERT INTO chessempire.friend_pair (id, sender_id, receiver_id, accepted) VALUES (247, 26, 44, 1);
INSERT INTO chessempire.friend_pair (id, sender_id, receiver_id, accepted) VALUES (248, 43, 81, 1);
INSERT INTO chessempire.friend_pair (id, sender_id, receiver_id, accepted) VALUES (249, 78, 45, 1);
INSERT INTO chessempire.friend_pair (id, sender_id, receiver_id, accepted) VALUES (250, 90, 14, 1);
INSERT INTO chessempire.friend_pair (id, sender_id, receiver_id, accepted) VALUES (251, 2, 67, 1);
INSERT INTO chessempire.friend_pair (id, sender_id, receiver_id, accepted) VALUES (252, 28, 41, 1);
INSERT INTO chessempire.friend_pair (id, sender_id, receiver_id, accepted) VALUES (253, 17, 62, 1);
INSERT INTO chessempire.friend_pair (id, sender_id, receiver_id, accepted) VALUES (254, 60, 15, 1);
INSERT INTO chessempire.friend_pair (id, sender_id, receiver_id, accepted) VALUES (255, 91, 10, 1);
INSERT INTO chessempire.friend_pair (id, sender_id, receiver_id, accepted) VALUES (256, 78, 61, 1);
INSERT INTO chessempire.friend_pair (id, sender_id, receiver_id, accepted) VALUES (257, 68, 56, 1);
INSERT INTO chessempire.friend_pair (id, sender_id, receiver_id, accepted) VALUES (321, 22, 100, 1);
INSERT INTO chessempire.friend_pair (id, sender_id, receiver_id, accepted) VALUES (322, 32, 60, 1);
INSERT INTO chessempire.friend_pair (id, sender_id, receiver_id, accepted) VALUES (323, 5, 44, 1);
INSERT INTO chessempire.friend_pair (id, sender_id, receiver_id, accepted) VALUES (324, 3, 82, 1);
INSERT INTO chessempire.friend_pair (id, sender_id, receiver_id, accepted) VALUES (325, 2, 61, 1);
INSERT INTO chessempire.friend_pair (id, sender_id, receiver_id, accepted) VALUES (326, 1, 20, 1);
INSERT INTO chessempire.friend_pair (id, sender_id, receiver_id, accepted) VALUES (327, 97, 23, 1);
INSERT INTO chessempire.friend_pair (id, sender_id, receiver_id, accepted) VALUES (328, 27, 62, 1);
INSERT INTO chessempire.friend_pair (id, sender_id, receiver_id, accepted) VALUES (329, 32, 70, 1);
INSERT INTO chessempire.friend_pair (id, sender_id, receiver_id, accepted) VALUES (330, 57, 72, 1);
INSERT INTO chessempire.friend_pair (id, sender_id, receiver_id, accepted) VALUES (331, 90, 32, 1);
INSERT INTO chessempire.friend_pair (id, sender_id, receiver_id, accepted) VALUES (332, 90, 55, 1);
INSERT INTO chessempire.friend_pair (id, sender_id, receiver_id, accepted) VALUES (334, 46, 76, 1);
INSERT INTO chessempire.friend_pair (id, sender_id, receiver_id, accepted) VALUES (335, 40, 74, 1);
INSERT INTO chessempire.friend_pair (id, sender_id, receiver_id, accepted) VALUES (336, 48, 16, 1);
INSERT INTO chessempire.friend_pair (id, sender_id, receiver_id, accepted) VALUES (337, 38, 42, 1);
INSERT INTO chessempire.friend_pair (id, sender_id, receiver_id, accepted) VALUES (338, 92, 37, 1);
INSERT INTO chessempire.friend_pair (id, sender_id, receiver_id, accepted) VALUES (339, 9, 31, 1);
INSERT INTO chessempire.friend_pair (id, sender_id, receiver_id, accepted) VALUES (340, 30, 57, 1);
INSERT INTO chessempire.friend_pair (id, sender_id, receiver_id, accepted) VALUES (341, 92, 88, 1);
INSERT INTO chessempire.friend_pair (id, sender_id, receiver_id, accepted) VALUES (342, 63, 52, 1);
INSERT INTO chessempire.friend_pair (id, sender_id, receiver_id, accepted) VALUES (343, 69, 91, 1);
INSERT INTO chessempire.friend_pair (id, sender_id, receiver_id, accepted) VALUES (344, 48, 66, 1);
INSERT INTO chessempire.friend_pair (id, sender_id, receiver_id, accepted) VALUES (345, 86, 32, 1);
INSERT INTO chessempire.friend_pair (id, sender_id, receiver_id, accepted) VALUES (347, 99, 97, 1);
INSERT INTO chessempire.friend_pair (id, sender_id, receiver_id, accepted) VALUES (348, 89, 53, 1);
INSERT INTO chessempire.friend_pair (id, sender_id, receiver_id, accepted) VALUES (349, 96, 19, 1);
INSERT INTO chessempire.friend_pair (id, sender_id, receiver_id, accepted) VALUES (350, 9, 86, 1);
INSERT INTO chessempire.friend_pair (id, sender_id, receiver_id, accepted) VALUES (351, 5, 65, 1);
INSERT INTO chessempire.friend_pair (id, sender_id, receiver_id, accepted) VALUES (352, 11, 60, 1);
INSERT INTO chessempire.friend_pair (id, sender_id, receiver_id, accepted) VALUES (353, 63, 38, 1);
INSERT INTO chessempire.friend_pair (id, sender_id, receiver_id, accepted) VALUES (354, 100, 83, 1);
INSERT INTO chessempire.friend_pair (id, sender_id, receiver_id, accepted) VALUES (355, 18, 39, 1);
INSERT INTO chessempire.friend_pair (id, sender_id, receiver_id, accepted) VALUES (356, 40, 84, 1);
INSERT INTO chessempire.friend_pair (id, sender_id, receiver_id, accepted) VALUES (357, 97, 35, 1);
INSERT INTO chessempire.friend_pair (id, sender_id, receiver_id, accepted) VALUES (358, 82, 6, 1);
INSERT INTO chessempire.friend_pair (id, sender_id, receiver_id, accepted) VALUES (359, 85, 3, 1);
INSERT INTO chessempire.friend_pair (id, sender_id, receiver_id, accepted) VALUES (360, 63, 3, 1);
INSERT INTO chessempire.friend_pair (id, sender_id, receiver_id, accepted) VALUES (361, 28, 30, 1);
INSERT INTO chessempire.friend_pair (id, sender_id, receiver_id, accepted) VALUES (362, 66, 40, 1);
INSERT INTO chessempire.friend_pair (id, sender_id, receiver_id, accepted) VALUES (363, 100, 81, 1);
INSERT INTO chessempire.friend_pair (id, sender_id, receiver_id, accepted) VALUES (364, 2, 66, 1);
INSERT INTO chessempire.friend_pair (id, sender_id, receiver_id, accepted) VALUES (365, 27, 33, 1);
INSERT INTO chessempire.friend_pair (id, sender_id, receiver_id, accepted) VALUES (366, 86, 28, 1);
INSERT INTO chessempire.friend_pair (id, sender_id, receiver_id, accepted) VALUES (367, 82, 27, 1);
INSERT INTO chessempire.friend_pair (id, sender_id, receiver_id, accepted) VALUES (368, 90, 66, 1);
INSERT INTO chessempire.friend_pair (id, sender_id, receiver_id, accepted) VALUES (369, 60, 3, 1);
INSERT INTO chessempire.friend_pair (id, sender_id, receiver_id, accepted) VALUES (370, 35, 63, 1);
INSERT INTO chessempire.friend_pair (id, sender_id, receiver_id, accepted) VALUES (371, 9, 58, 1);
INSERT INTO chessempire.friend_pair (id, sender_id, receiver_id, accepted) VALUES (372, 60, 24, 1);
INSERT INTO chessempire.friend_pair (id, sender_id, receiver_id, accepted) VALUES (374, 85, 94, 1);
INSERT INTO chessempire.friend_pair (id, sender_id, receiver_id, accepted) VALUES (375, 16, 95, 1);
INSERT INTO chessempire.friend_pair (id, sender_id, receiver_id, accepted) VALUES (376, 30, 63, 1);
INSERT INTO chessempire.friend_pair (id, sender_id, receiver_id, accepted) VALUES (377, 23, 27, 1);
INSERT INTO chessempire.friend_pair (id, sender_id, receiver_id, accepted) VALUES (378, 63, 36, 1);
INSERT INTO chessempire.friend_pair (id, sender_id, receiver_id, accepted) VALUES (379, 90, 42, 1);
INSERT INTO chessempire.friend_pair (id, sender_id, receiver_id, accepted) VALUES (380, 39, 70, 1);
INSERT INTO chessempire.friend_pair (id, sender_id, receiver_id, accepted) VALUES (381, 30, 42, 1);
INSERT INTO chessempire.friend_pair (id, sender_id, receiver_id, accepted) VALUES (382, 18, 64, 1);
INSERT INTO chessempire.friend_pair (id, sender_id, receiver_id, accepted) VALUES (383, 65, 31, 1);
INSERT INTO chessempire.friend_pair (id, sender_id, receiver_id, accepted) VALUES (406, 57, 81, 1);
INSERT INTO chessempire.friend_pair (id, sender_id, receiver_id, accepted) VALUES (407, 33, 24, 1);
INSERT INTO chessempire.friend_pair (id, sender_id, receiver_id, accepted) VALUES (408, 19, 23, 1);
INSERT INTO chessempire.friend_pair (id, sender_id, receiver_id, accepted) VALUES (409, 57, 14, 1);
INSERT INTO chessempire.friend_pair (id, sender_id, receiver_id, accepted) VALUES (410, 2, 64, 1);
INSERT INTO chessempire.friend_pair (id, sender_id, receiver_id, accepted) VALUES (411, 14, 79, 1);
INSERT INTO chessempire.friend_pair (id, sender_id, receiver_id, accepted) VALUES (412, 53, 27, 1);
INSERT INTO chessempire.friend_pair (id, sender_id, receiver_id, accepted) VALUES (413, 75, 95, 1);
INSERT INTO chessempire.friend_pair (id, sender_id, receiver_id, accepted) VALUES (414, 50, 65, 1);
INSERT INTO chessempire.friend_pair (id, sender_id, receiver_id, accepted) VALUES (415, 75, 79, 1);
INSERT INTO chessempire.friend_pair (id, sender_id, receiver_id, accepted) VALUES (417, 11, 44, 1);
INSERT INTO chessempire.friend_pair (id, sender_id, receiver_id, accepted) VALUES (418, 86, 96, 1);
INSERT INTO chessempire.friend_pair (id, sender_id, receiver_id, accepted) VALUES (419, 25, 36, 1);
INSERT INTO chessempire.friend_pair (id, sender_id, receiver_id, accepted) VALUES (420, 3, 7, 1);
INSERT INTO chessempire.friend_pair (id, sender_id, receiver_id, accepted) VALUES (421, 27, 13, 1);
INSERT INTO chessempire.friend_pair (id, sender_id, receiver_id, accepted) VALUES (422, 83, 77, 1);
INSERT INTO chessempire.friend_pair (id, sender_id, receiver_id, accepted) VALUES (424, 64, 21, 1);
INSERT INTO chessempire.friend_pair (id, sender_id, receiver_id, accepted) VALUES (425, 14, 7, 1);
INSERT INTO chessempire.friend_pair (id, sender_id, receiver_id, accepted) VALUES (426, 90, 29, 1);
INSERT INTO chessempire.friend_pair (id, sender_id, receiver_id, accepted) VALUES (427, 74, 84, 1);
INSERT INTO chessempire.friend_pair (id, sender_id, receiver_id, accepted) VALUES (428, 97, 33, 1);
INSERT INTO chessempire.friend_pair (id, sender_id, receiver_id, accepted) VALUES (429, 74, 68, 1);
INSERT INTO chessempire.friend_pair (id, sender_id, receiver_id, accepted) VALUES (430, 19, 91, 1);
INSERT INTO chessempire.friend_pair (id, sender_id, receiver_id, accepted) VALUES (431, 97, 11, 1);
INSERT INTO chessempire.friend_pair (id, sender_id, receiver_id, accepted) VALUES (432, 65, 89, 1);
INSERT INTO chessempire.friend_pair (id, sender_id, receiver_id, accepted) VALUES (433, 50, 83, 1);
INSERT INTO chessempire.friend_pair (id, sender_id, receiver_id, accepted) VALUES (434, 65, 76, 1);
INSERT INTO chessempire.friend_pair (id, sender_id, receiver_id, accepted) VALUES (435, 84, 93, 1);
INSERT INTO chessempire.friend_pair (id, sender_id, receiver_id, accepted) VALUES (436, 9, 68, 1);
INSERT INTO chessempire.friend_pair (id, sender_id, receiver_id, accepted) VALUES (437, 14, 64, 1);
INSERT INTO chessempire.friend_pair (id, sender_id, receiver_id, accepted) VALUES (438, 76, 91, 1);
INSERT INTO chessempire.friend_pair (id, sender_id, receiver_id, accepted) VALUES (439, 23, 42, 1);
INSERT INTO chessempire.friend_pair (id, sender_id, receiver_id, accepted) VALUES (440, 43, 86, 1);
INSERT INTO chessempire.friend_pair (id, sender_id, receiver_id, accepted) VALUES (441, 3, 54, 1);
INSERT INTO chessempire.friend_pair (id, sender_id, receiver_id, accepted) VALUES (442, 61, 44, 1);
INSERT INTO chessempire.friend_pair (id, sender_id, receiver_id, accepted) VALUES (443, 35, 41, 1);
INSERT INTO chessempire.friend_pair (id, sender_id, receiver_id, accepted) VALUES (444, 100, 78, 1);
INSERT INTO chessempire.friend_pair (id, sender_id, receiver_id, accepted) VALUES (445, 91, 17, 1);
INSERT INTO chessempire.friend_pair (id, sender_id, receiver_id, accepted) VALUES (446, 15, 21, 1);
INSERT INTO chessempire.friend_pair (id, sender_id, receiver_id, accepted) VALUES (468, 31, 27, 1);
INSERT INTO chessempire.friend_pair (id, sender_id, receiver_id, accepted) VALUES (469, 41, 24, 1);
INSERT INTO chessempire.friend_pair (id, sender_id, receiver_id, accepted) VALUES (470, 98, 17, 1);
INSERT INTO chessempire.friend_pair (id, sender_id, receiver_id, accepted) VALUES (471, 89, 92, 1);
INSERT INTO chessempire.friend_pair (id, sender_id, receiver_id, accepted) VALUES (472, 95, 100, 1);
INSERT INTO chessempire.friend_pair (id, sender_id, receiver_id, accepted) VALUES (473, 12, 62, 1);
INSERT INTO chessempire.friend_pair (id, sender_id, receiver_id, accepted) VALUES (474, 71, 70, 1);
INSERT INTO chessempire.friend_pair (id, sender_id, receiver_id, accepted) VALUES (475, 34, 61, 1);
INSERT INTO chessempire.friend_pair (id, sender_id, receiver_id, accepted) VALUES (476, 3, 30, 1);
INSERT INTO chessempire.friend_pair (id, sender_id, receiver_id, accepted) VALUES (477, 43, 24, 1);
INSERT INTO chessempire.friend_pair (id, sender_id, receiver_id, accepted) VALUES (478, 91, 83, 1);
INSERT INTO chessempire.friend_pair (id, sender_id, receiver_id, accepted) VALUES (479, 40, 50, 1);
INSERT INTO chessempire.friend_pair (id, sender_id, receiver_id, accepted) VALUES (480, 30, 98, 1);
INSERT INTO chessempire.friend_pair (id, sender_id, receiver_id, accepted) VALUES (481, 99, 2, 1);
INSERT INTO chessempire.friend_pair (id, sender_id, receiver_id, accepted) VALUES (482, 12, 55, 1);
INSERT INTO chessempire.friend_pair (id, sender_id, receiver_id, accepted) VALUES (483, 39, 28, 1);
INSERT INTO chessempire.friend_pair (id, sender_id, receiver_id, accepted) VALUES (485, 41, 44, 1);
INSERT INTO chessempire.friend_pair (id, sender_id, receiver_id, accepted) VALUES (486, 93, 35, 1);
INSERT INTO chessempire.friend_pair (id, sender_id, receiver_id, accepted) VALUES (487, 97, 77, 1);
INSERT INTO chessempire.friend_pair (id, sender_id, receiver_id, accepted) VALUES (488, 93, 34, 1);
INSERT INTO chessempire.friend_pair (id, sender_id, receiver_id, accepted) VALUES (489, 91, 51, 1);
INSERT INTO chessempire.friend_pair (id, sender_id, receiver_id, accepted) VALUES (490, 84, 65, 1);
INSERT INTO chessempire.friend_pair (id, sender_id, receiver_id, accepted) VALUES (491, 75, 78, 1);
INSERT INTO chessempire.friend_pair (id, sender_id, receiver_id, accepted) VALUES (492, 63, 81, 1);
INSERT INTO chessempire.friend_pair (id, sender_id, receiver_id, accepted) VALUES (493, 14, 29, 1);
INSERT INTO chessempire.friend_pair (id, sender_id, receiver_id, accepted) VALUES (494, 2, 21, 1);
INSERT INTO chessempire.friend_pair (id, sender_id, receiver_id, accepted) VALUES (495, 1, 42, 1);
INSERT INTO chessempire.friend_pair (id, sender_id, receiver_id, accepted) VALUES (497, 16, 55, 1);
INSERT INTO chessempire.friend_pair (id, sender_id, receiver_id, accepted) VALUES (498, 28, 76, 1);
INSERT INTO chessempire.friend_pair (id, sender_id, receiver_id, accepted) VALUES (499, 95, 45, 1);
INSERT INTO chessempire.friend_pair (id, sender_id, receiver_id, accepted) VALUES (500, 41, 68, 1);
INSERT INTO chessempire.friend_pair (id, sender_id, receiver_id, accepted) VALUES (501, 17, 80, 1);
INSERT INTO chessempire.friend_pair (id, sender_id, receiver_id, accepted) VALUES (502, 51, 12, 1);
INSERT INTO chessempire.friend_pair (id, sender_id, receiver_id, accepted) VALUES (504, 16, 51, 1);
INSERT INTO chessempire.friend_pair (id, sender_id, receiver_id, accepted) VALUES (505, 7, 82, 1);
INSERT INTO chessempire.friend_pair (id, sender_id, receiver_id, accepted) VALUES (506, 87, 89, 1);
INSERT INTO chessempire.friend_pair (id, sender_id, receiver_id, accepted) VALUES (507, 84, 53, 1);
INSERT INTO chessempire.friend_pair (id, sender_id, receiver_id, accepted) VALUES (508, 10, 92, 1);
INSERT INTO chessempire.friend_pair (id, sender_id, receiver_id, accepted) VALUES (509, 30, 72, 1);
INSERT INTO chessempire.friend_pair (id, sender_id, receiver_id, accepted) VALUES (510, 72, 43, 1);
INSERT INTO chessempire.friend_pair (id, sender_id, receiver_id, accepted) VALUES (511, 97, 55, 1);
INSERT INTO chessempire.friend_pair (id, sender_id, receiver_id, accepted) VALUES (512, 83, 50, 1);
INSERT INTO chessempire.friend_pair (id, sender_id, receiver_id, accepted) VALUES (513, 3, 62, 1);
INSERT INTO chessempire.friend_pair (id, sender_id, receiver_id, accepted) VALUES (514, 2, 23, 1);
INSERT INTO chessempire.friend_pair (id, sender_id, receiver_id, accepted) VALUES (515, 7, 68, 1);
INSERT INTO chessempire.friend_pair (id, sender_id, receiver_id, accepted) VALUES (516, 16, 76, 1);
INSERT INTO chessempire.friend_pair (id, sender_id, receiver_id, accepted) VALUES (517, 31, 25, 1);
INSERT INTO chessempire.friend_pair (id, sender_id, receiver_id, accepted) VALUES (518, 34, 95, 1);
INSERT INTO chessempire.friend_pair (id, sender_id, receiver_id, accepted) VALUES (519, 73, 80, 1);
INSERT INTO chessempire.friend_pair (id, sender_id, receiver_id, accepted) VALUES (520, 79, 54, 1);
INSERT INTO chessempire.friend_pair (id, sender_id, receiver_id, accepted) VALUES (521, 31, 95, 1);
INSERT INTO chessempire.friend_pair (id, sender_id, receiver_id, accepted) VALUES (522, 80, 15, 1);
INSERT INTO chessempire.friend_pair (id, sender_id, receiver_id, accepted) VALUES (523, 34, 25, 1);
INSERT INTO chessempire.friend_pair (id, sender_id, receiver_id, accepted) VALUES (524, 21, 29, 1);
INSERT INTO chessempire.friend_pair (id, sender_id, receiver_id, accepted) VALUES (525, 81, 20, 1);
INSERT INTO chessempire.friend_pair (id, sender_id, receiver_id, accepted) VALUES (526, 56, 19, 1);
INSERT INTO chessempire.friend_pair (id, sender_id, receiver_id, accepted) VALUES (527, 26, 72, 1);
INSERT INTO chessempire.friend_pair (id, sender_id, receiver_id, accepted) VALUES (528, 81, 91, 1);
INSERT INTO chessempire.friend_pair (id, sender_id, receiver_id, accepted) VALUES (529, 8, 69, 1);
INSERT INTO chessempire.friend_pair (id, sender_id, receiver_id, accepted) VALUES (530, 20, 92, 1);
INSERT INTO chessempire.friend_pair (id, sender_id, receiver_id, accepted) VALUES (531, 99, 19, 1);
INSERT INTO chessempire.friend_pair (id, sender_id, receiver_id, accepted) VALUES (532, 99, 38, 1);
INSERT INTO chessempire.friend_pair (id, sender_id, receiver_id, accepted) VALUES (533, 90, 35, 1);
INSERT INTO chessempire.friend_pair (id, sender_id, receiver_id, accepted) VALUES (534, 7, 29, 1);
INSERT INTO chessempire.friend_pair (id, sender_id, receiver_id, accepted) VALUES (535, 24, 33, 1);
INSERT INTO chessempire.friend_pair (id, sender_id, receiver_id, accepted) VALUES (536, 90, 50, 1);
INSERT INTO chessempire.friend_pair (id, sender_id, receiver_id, accepted) VALUES (537, 82, 58, 1);
INSERT INTO chessempire.friend_pair (id, sender_id, receiver_id, accepted) VALUES (538, 45, 51, 1);
INSERT INTO chessempire.friend_pair (id, sender_id, receiver_id, accepted) VALUES (539, 20, 45, 1);
INSERT INTO chessempire.friend_pair (id, sender_id, receiver_id, accepted) VALUES (540, 63, 81, 1);
INSERT INTO chessempire.friend_pair (id, sender_id, receiver_id, accepted) VALUES (541, 14, 27, 1);
INSERT INTO chessempire.friend_pair (id, sender_id, receiver_id, accepted) VALUES (542, 94, 89, 1);
INSERT INTO chessempire.friend_pair (id, sender_id, receiver_id, accepted) VALUES (543, 63, 46, 1);
INSERT INTO chessempire.friend_pair (id, sender_id, receiver_id, accepted) VALUES (544, 41, 68, 1);
INSERT INTO chessempire.friend_pair (id, sender_id, receiver_id, accepted) VALUES (545, 16, 75, 1);
INSERT INTO chessempire.friend_pair (id, sender_id, receiver_id, accepted) VALUES (546, 28, 15, 1);
INSERT INTO chessempire.friend_pair (id, sender_id, receiver_id, accepted) VALUES (547, 88, 95, 1);
INSERT INTO chessempire.friend_pair (id, sender_id, receiver_id, accepted) VALUES (548, 12, 72, 1);
INSERT INTO chessempire.friend_pair (id, sender_id, receiver_id, accepted) VALUES (549, 23, 100, 1);
INSERT INTO chessempire.friend_pair (id, sender_id, receiver_id, accepted) VALUES (550, 28, 42, 1);
INSERT INTO chessempire.friend_pair (id, sender_id, receiver_id, accepted) VALUES (551, 23, 91, 1);
INSERT INTO chessempire.friend_pair (id, sender_id, receiver_id, accepted) VALUES (552, 85, 1, 1);
INSERT INTO chessempire.friend_pair (id, sender_id, receiver_id, accepted) VALUES (553, 51, 1, 1);
INSERT INTO chessempire.friend_pair (id, sender_id, receiver_id, accepted) VALUES (554, 100, 1, 1);
INSERT INTO chessempire.friend_pair (id, sender_id, receiver_id, accepted) VALUES (555, 47, 1, 1);
INSERT INTO chessempire.friend_pair (id, sender_id, receiver_id, accepted) VALUES (556, 32, 1, 1);
INSERT INTO chessempire.friend_pair (id, sender_id, receiver_id, accepted) VALUES (559, 50, 1, 0);
INSERT INTO chessempire.friend_pair (id, sender_id, receiver_id, accepted) VALUES (561, 68, 1, 1);
INSERT INTO chessempire.friend_pair (id, sender_id, receiver_id, accepted) VALUES (564, 1, 3, 1);
INSERT INTO chessempire.friend_pair (id, sender_id, receiver_id, accepted) VALUES (565, 1, 12, 1);

INSERT INTO chessempire.game (id, time, rated, winner, black_rating, white_rating, black_id, white_id, history, played_date, black_rating_change, white_rating_change) VALUES (10, 300, 0, 'b', 100, 100, 1, 2, 'f7f6 e2e3 g7g5 d1h5', 1716249770, 0, 0);
INSERT INTO chessempire.game (id, time, rated, winner, black_rating, white_rating, black_id, white_id, history, played_date, black_rating_change, white_rating_change) VALUES (11, 300, 0, 't', 100, 100, 1, 2, 'e7e6 a2a4 d8h4 a1a3 h4a4 h2h4 a4c2 a3h3 h7h5 f2f3 c2d2 e1f2 d2b2 d1d6 b2b1 d6h2 b1c1 f2g3 c1e3', 1716249822, 0, 0);
INSERT INTO chessempire.game (id, time, rated, winner, black_rating, white_rating, black_id, white_id, history, played_date, black_rating_change, white_rating_change) VALUES (12, 300, 1, 'b', 100, 100, 1, 2, 'f7f6 e2e3 g7g5 d1h5', 1716249885, 0, 0);
INSERT INTO chessempire.game (id, time, rated, winner, black_rating, white_rating, black_id, white_id, history, played_date, black_rating_change, white_rating_change) VALUES (13, 300, 1, 'b', 100, 100, 2, 1, 'f7f6 e2e3 g7g5 d1h5', 1716249915, 0, 0);
INSERT INTO chessempire.game (id, time, rated, winner, black_rating, white_rating, black_id, white_id, history, played_date, black_rating_change, white_rating_change) VALUES (14, 300, 0, 'b', 100, 100, 1, 2, 'f7f6', 1716256771, 0, 0);
INSERT INTO chessempire.game (id, time, rated, winner, black_rating, white_rating, black_id, white_id, history, played_date, black_rating_change, white_rating_change) VALUES (15, 300, 0, 'b', 100, 100, 1, 2, 'f7f5 e2e4', 1716256779, 0, 0);
INSERT INTO chessempire.game (id, time, rated, winner, black_rating, white_rating, black_id, white_id, history, played_date, black_rating_change, white_rating_change) VALUES (16, 300, 0, 'b', 100, 100, 1, 2, '', 1716256787, 0, 0);
INSERT INTO chessempire.game (id, time, rated, winner, black_rating, white_rating, black_id, white_id, history, played_date, black_rating_change, white_rating_change) VALUES (17, 300, 0, 'w', 100, 100, 2, 1, '', 1716256794, 0, 0);
INSERT INTO chessempire.game (id, time, rated, winner, black_rating, white_rating, black_id, white_id, history, played_date, black_rating_change, white_rating_change) VALUES (18, 300, 0, 'b', 100, 100, 1, 2, '', 1716256803, 0, 0);
INSERT INTO chessempire.game (id, time, rated, winner, black_rating, white_rating, black_id, white_id, history, played_date, black_rating_change, white_rating_change) VALUES (19, 300, 0, 'w', 100, 100, 2, 1, '', 1716256810, 0, 0);
INSERT INTO chessempire.game (id, time, rated, winner, black_rating, white_rating, black_id, white_id, history, played_date, black_rating_change, white_rating_change) VALUES (20, 300, 0, 'b', 100, 100, 1, 2, '', 1716256823, 0, 0);
INSERT INTO chessempire.game (id, time, rated, winner, black_rating, white_rating, black_id, white_id, history, played_date, black_rating_change, white_rating_change) VALUES (21, 300, 0, 'b', 100, 100, 1, 2, '', 1716256829, 0, 0);
INSERT INTO chessempire.game (id, time, rated, winner, black_rating, white_rating, black_id, white_id, history, played_date, black_rating_change, white_rating_change) VALUES (22, 300, 0, 't', 100, 100, 1, 2, 'e7e6 a2a4 d8h4 a1a3 h4a4 h2h4 a4c2 a3h3 h7h5 f2f3 c2d2 e1f2 d2b2 d1d6 b2b1 d6h2 b1c1 f2g3 c1e3', 1716249822, 0, 0);
INSERT INTO chessempire.game (id, time, rated, winner, black_rating, white_rating, black_id, white_id, history, played_date, black_rating_change, white_rating_change) VALUES (23, 300, 0, 't', 100, 100, 1, 2, 'e7e6 a2a4 d8h4 a1a3 h4a4 h2h4 a4c2 a3h3 h7h5 f2f3 c2d2 e1f2 d2b2 d1d6 b2b1 d6h2 b1c1 f2g3 c1e3', 1716249822, 0, 0);
INSERT INTO chessempire.game (id, time, rated, winner, black_rating, white_rating, black_id, white_id, history, played_date, black_rating_change, white_rating_change) VALUES (24, 300, 0, 't', 100, 100, 1, 2, 'e7e6 a2a4 d8h4 a1a3 h4a4 h2h4 a4c2 a3h3 h7h5 f2f3 c2d2 e1f2 d2b2 d1d6 b2b1 d6h2 b1c1 f2g3 c1e3', 1716249822, 0, 0);
INSERT INTO chessempire.game (id, time, rated, winner, black_rating, white_rating, black_id, white_id, history, played_date, black_rating_change, white_rating_change) VALUES (25, 300, 0, 't', 100, 100, 1, 2, 'e7e6 a2a4 d8h4 a1a3 h4a4 h2h4 a4c2 a3h3 h7h5 f2f3 c2d2 e1f2 d2b2 d1d6 b2b1 d6h2 b1c1 f2g3 c1e3', 1716249822, 0, 0);
INSERT INTO chessempire.game (id, time, rated, winner, black_rating, white_rating, black_id, white_id, history, played_date, black_rating_change, white_rating_change) VALUES (26, 300, 0, 't', 100, 100, 1, 2, 'e7e6 a2a4 d8h4 a1a3 h4a4 h2h4 a4c2 a3h3 h7h5 f2f3 c2d2 e1f2 d2b2 d1d6 b2b1 d6h2 b1c1 f2g3 c1e3', 1716249822, 0, 0);
INSERT INTO chessempire.game (id, time, rated, winner, black_rating, white_rating, black_id, white_id, history, played_date, black_rating_change, white_rating_change) VALUES (27, 300, 0, 't', 100, 100, 1, 2, 'e7e6 a2a4 d8h4 a1a3 h4a4 h2h4 a4c2 a3h3 h7h5 f2f3 c2d2 e1f2 d2b2 d1d6 b2b1 d6h2 b1c1 f2g3 c1e3', 1716249822, 0, 0);
INSERT INTO chessempire.game (id, time, rated, winner, black_rating, white_rating, black_id, white_id, history, played_date, black_rating_change, white_rating_change) VALUES (28, 300, 0, 't', 100, 100, 1, 2, 'e7e6 a2a4 d8h4 a1a3 h4a4 h2h4 a4c2 a3h3 h7h5 f2f3 c2d2 e1f2 d2b2 d1d6 b2b1 d6h2 b1c1 f2g3 c1e3', 1716249822, 0, 0);
INSERT INTO chessempire.game (id, time, rated, winner, black_rating, white_rating, black_id, white_id, history, played_date, black_rating_change, white_rating_change) VALUES (29, 300, 0, 't', 100, 100, 1, 2, 'e7e6 a2a4 d8h4 a1a3 h4a4 h2h4 a4c2 a3h3 h7h5 f2f3 c2d2 e1f2 d2b2 d1d6 b2b1 d6h2 b1c1 f2g3 c1e3', 1716249822, 0, 0);
INSERT INTO chessempire.game (id, time, rated, winner, black_rating, white_rating, black_id, white_id, history, played_date, black_rating_change, white_rating_change) VALUES (30, 300, 0, 't', 100, 100, 1, 2, 'e7e6 a2a4 d8h4 a1a3 h4a4 h2h4 a4c2 a3h3 h7h5 f2f3 c2d2 e1f2 d2b2 d1d6 b2b1 d6h2 b1c1 f2g3 c1e3', 1716249822, 0, 0);
INSERT INTO chessempire.game (id, time, rated, winner, black_rating, white_rating, black_id, white_id, history, played_date, black_rating_change, white_rating_change) VALUES (31, 300, 0, 't', 100, 100, 1, 2, 'e7e6 a2a4 d8h4 a1a3 h4a4 h2h4 a4c2 a3h3 h7h5 f2f3 c2d2 e1f2 d2b2 d1d6 b2b1 d6h2 b1c1 f2g3 c1e3', 1716249822, 0, 0);
INSERT INTO chessempire.game (id, time, rated, winner, black_rating, white_rating, black_id, white_id, history, played_date, black_rating_change, white_rating_change) VALUES (32, 300, 0, 't', 100, 100, 1, 2, 'e7e6 a2a4 d8h4 a1a3 h4a4 h2h4 a4c2 a3h3 h7h5 f2f3 c2d2 e1f2 d2b2 d1d6 b2b1 d6h2 b1c1 f2g3 c1e3', 1716249822, 0, 0);
INSERT INTO chessempire.game (id, time, rated, winner, black_rating, white_rating, black_id, white_id, history, played_date, black_rating_change, white_rating_change) VALUES (33, 300, 0, 't', 100, 100, 1, 2, 'e7e6 a2a4 d8h4 a1a3 h4a4 h2h4 a4c2 a3h3 h7h5 f2f3 c2d2 e1f2 d2b2 d1d6 b2b1 d6h2 b1c1 f2g3 c1e3', 1716249822, 0, 0);
INSERT INTO chessempire.game (id, time, rated, winner, black_rating, white_rating, black_id, white_id, history, played_date, black_rating_change, white_rating_change) VALUES (34, 300, 0, 't', 100, 100, 1, 2, 'e7e6 a2a4 d8h4 a1a3 h4a4 h2h4 a4c2 a3h3 h7h5 f2f3 c2d2 e1f2 d2b2 d1d6 b2b1 d6h2 b1c1 f2g3 c1e3', 1716249822, 0, 0);
INSERT INTO chessempire.game (id, time, rated, winner, black_rating, white_rating, black_id, white_id, history, played_date, black_rating_change, white_rating_change) VALUES (35, 300, 0, 't', 100, 100, 1, 2, 'e7e6 a2a4 d8h4 a1a3 h4a4 h2h4 a4c2 a3h3 h7h5 f2f3 c2d2 e1f2 d2b2 d1d6 b2b1 d6h2 b1c1 f2g3 c1e3', 1716249822, 0, 0);
INSERT INTO chessempire.game (id, time, rated, winner, black_rating, white_rating, black_id, white_id, history, played_date, black_rating_change, white_rating_change) VALUES (36, 300, 0, 't', 100, 100, 1, 2, 'e7e6 a2a4 d8h4 a1a3 h4a4 h2h4 a4c2 a3h3 h7h5 f2f3 c2d2 e1f2 d2b2 d1d6 b2b1 d6h2 b1c1 f2g3 c1e3', 1716249822, 0, 0);
INSERT INTO chessempire.game (id, time, rated, winner, black_rating, white_rating, black_id, white_id, history, played_date, black_rating_change, white_rating_change) VALUES (37, 300, 0, 't', 100, 100, 1, 2, 'e7e6 a2a4 d8h4 a1a3 h4a4 h2h4 a4c2 a3h3 h7h5 f2f3 c2d2 e1f2 d2b2 d1d6 b2b1 d6h2 b1c1 f2g3 c1e3', 1716249822, 0, 0);
INSERT INTO chessempire.game (id, time, rated, winner, black_rating, white_rating, black_id, white_id, history, played_date, black_rating_change, white_rating_change) VALUES (38, 300, 0, 't', 100, 100, 1, 2, 'e7e6 a2a4 d8h4 a1a3 h4a4 h2h4 a4c2 a3h3 h7h5 f2f3 c2d2 e1f2 d2b2 d1d6 b2b1 d6h2 b1c1 f2g3 c1e3', 1716249822, 0, 0);
INSERT INTO chessempire.game (id, time, rated, winner, black_rating, white_rating, black_id, white_id, history, played_date, black_rating_change, white_rating_change) VALUES (39, 300, 0, 't', 100, 100, 1, 2, 'e7e6 a2a4 d8h4 a1a3 h4a4 h2h4 a4c2 a3h3 h7h5 f2f3 c2d2 e1f2 d2b2 d1d6 b2b1 d6h2 b1c1 f2g3 c1e3', 1716249822, 0, 0);
INSERT INTO chessempire.game (id, time, rated, winner, black_rating, white_rating, black_id, white_id, history, played_date, black_rating_change, white_rating_change) VALUES (40, 300, 0, 't', 100, 100, 1, 2, 'e7e6 a2a4 d8h4 a1a3 h4a4 h2h4 a4c2 a3h3 h7h5 f2f3 c2d2 e1f2 d2b2 d1d6 b2b1 d6h2 b1c1 f2g3 c1e3', 1716249822, 0, 0);
INSERT INTO chessempire.game (id, time, rated, winner, black_rating, white_rating, black_id, white_id, history, played_date, black_rating_change, white_rating_change) VALUES (41, 300, 0, 't', 100, 100, 1, 2, 'e7e6 a2a4 d8h4 a1a3 h4a4 h2h4 a4c2 a3h3 h7h5 f2f3 c2d2 e1f2 d2b2 d1d6 b2b1 d6h2 b1c1 f2g3 c1e3', 1716249822, 0, 0);
INSERT INTO chessempire.game (id, time, rated, winner, black_rating, white_rating, black_id, white_id, history, played_date, black_rating_change, white_rating_change) VALUES (42, 300, 0, 't', 100, 100, 1, 2, 'e7e6 a2a4 d8h4 a1a3 h4a4 h2h4 a4c2 a3h3 h7h5 f2f3 c2d2 e1f2 d2b2 d1d6 b2b1 d6h2 b1c1 f2g3 c1e3', 1716249822, 0, 0);
INSERT INTO chessempire.game (id, time, rated, winner, black_rating, white_rating, black_id, white_id, history, played_date, black_rating_change, white_rating_change) VALUES (43, 300, 0, 't', 100, 100, 1, 2, 'e7e6 a2a4 d8h4 a1a3 h4a4 h2h4 a4c2 a3h3 h7h5 f2f3 c2d2 e1f2 d2b2 d1d6 b2b1 d6h2 b1c1 f2g3 c1e3', 1716249822, 0, 0);
INSERT INTO chessempire.game (id, time, rated, winner, black_rating, white_rating, black_id, white_id, history, played_date, black_rating_change, white_rating_change) VALUES (44, 300, 0, 't', 100, 100, 1, 2, 'e7e6 a2a4 d8h4 a1a3 h4a4 h2h4 a4c2 a3h3 h7h5 f2f3 c2d2 e1f2 d2b2 d1d6 b2b1 d6h2 b1c1 f2g3 c1e3', 1716249822, 0, 0);
INSERT INTO chessempire.game (id, time, rated, winner, black_rating, white_rating, black_id, white_id, history, played_date, black_rating_change, white_rating_change) VALUES (45, 300, 0, 'b', 100, 100, 1, 2, '', 1716257195, 0, 0);
INSERT INTO chessempire.game (id, time, rated, winner, black_rating, white_rating, black_id, white_id, history, played_date, black_rating_change, white_rating_change) VALUES (117, 300, 0, 'b', 100, 100, 1, 2, '', 1716257195, 0, 0);
INSERT INTO chessempire.game (id, time, rated, winner, black_rating, white_rating, black_id, white_id, history, played_date, black_rating_change, white_rating_change) VALUES (118, 300, 0, 'b', 100, 100, 1, 2, '', 1716257195, 0, 0);
INSERT INTO chessempire.game (id, time, rated, winner, black_rating, white_rating, black_id, white_id, history, played_date, black_rating_change, white_rating_change) VALUES (119, 300, 0, 'b', 100, 100, 1, 2, '', 1716257195, 0, 0);
INSERT INTO chessempire.game (id, time, rated, winner, black_rating, white_rating, black_id, white_id, history, played_date, black_rating_change, white_rating_change) VALUES (120, 300, 0, 'b', 100, 100, 1, 2, '', 1716257195, 0, 0);
INSERT INTO chessempire.game (id, time, rated, winner, black_rating, white_rating, black_id, white_id, history, played_date, black_rating_change, white_rating_change) VALUES (121, 300, 0, 'b', 100, 100, 1, 2, '', 1716257195, 0, 0);
INSERT INTO chessempire.game (id, time, rated, winner, black_rating, white_rating, black_id, white_id, history, played_date, black_rating_change, white_rating_change) VALUES (122, 300, 0, 'b', 100, 100, 1, 2, '', 1716257195, 0, 0);
INSERT INTO chessempire.game (id, time, rated, winner, black_rating, white_rating, black_id, white_id, history, played_date, black_rating_change, white_rating_change) VALUES (123, 300, 0, 'b', 100, 100, 1, 2, '', 1716257195, 0, 0);
INSERT INTO chessempire.game (id, time, rated, winner, black_rating, white_rating, black_id, white_id, history, played_date, black_rating_change, white_rating_change) VALUES (124, 300, 0, 'b', 100, 100, 1, 2, '', 1716257195, 0, 0);
INSERT INTO chessempire.game (id, time, rated, winner, black_rating, white_rating, black_id, white_id, history, played_date, black_rating_change, white_rating_change) VALUES (125, 300, 0, 'b', 100, 100, 2, 1, 'f7f6 e2e3 g7g5 d1h5', 1716258082, 0, 0);
INSERT INTO chessempire.game (id, time, rated, winner, black_rating, white_rating, black_id, white_id, history, played_date, black_rating_change, white_rating_change) VALUES (126, 300, 1, 'b', 100, 100, 2, 1, 'f7f6 e2e3 g7g5 d1h5', 1716258174, 0, 0);
INSERT INTO chessempire.game (id, time, rated, winner, black_rating, white_rating, black_id, white_id, history, played_date, black_rating_change, white_rating_change) VALUES (127, 300, 0, 'w', 100, 100, 1, 2, 'a7a6 f2f3 e7e6 g2g4 d8h4', 1716258208, 0, 0);
INSERT INTO chessempire.game (id, time, rated, winner, black_rating, white_rating, black_id, white_id, history, played_date, black_rating_change, white_rating_change) VALUES (128, 300, 1, 'b', 100, 100, 1, 2, 'f7f6 e2e3 g7g5 d1h5', 1716258231, 0, 0);
INSERT INTO chessempire.game (id, time, rated, winner, black_rating, white_rating, black_id, white_id, history, played_date, black_rating_change, white_rating_change) VALUES (129, 300, 1, 'b', 100, 100, 1, 2, 'f7f6 e2e3 g7g5 d1h5', 1716258262, 0, 0);
INSERT INTO chessempire.game (id, time, rated, winner, black_rating, white_rating, black_id, white_id, history, played_date, black_rating_change, white_rating_change) VALUES (130, 300, 1, 'b', 100, 100, 1, 2, 'f7f6 e2e3 g7g5 d1h5', 1716258285, 0, 0);
INSERT INTO chessempire.game (id, time, rated, winner, black_rating, white_rating, black_id, white_id, history, played_date, black_rating_change, white_rating_change) VALUES (131, 300, 1, 'b', 120, 80, 1, 2, 'f7f6 e2e3 g7g5 d1h5', 1716258397, 0, 0);
INSERT INTO chessempire.game (id, time, rated, winner, black_rating, white_rating, black_id, white_id, history, played_date, black_rating_change, white_rating_change) VALUES (132, 900, 0, 'w', 100, 130, 3, 1, 'f7f6 e2e3 g7g5', 1716258677, 0, 0);
INSERT INTO chessempire.game (id, time, rated, winner, black_rating, white_rating, black_id, white_id, history, played_date, black_rating_change, white_rating_change) VALUES (133, 300, 1, 'b', 100, 130, 3, 1, 'f7f6 e2e3 g7g5 d1h5', 1716258717, 0, 0);
INSERT INTO chessempire.game (id, time, rated, winner, black_rating, white_rating, black_id, white_id, history, played_date, black_rating_change, white_rating_change) VALUES (134, 300, 1, 'b', 120, 70, 1, 2, 'f7f6 e2e3 g7g5 d1h5', 1716258790, 0, 0);
INSERT INTO chessempire.game (id, time, rated, winner, black_rating, white_rating, black_id, white_id, history, played_date, black_rating_change, white_rating_change) VALUES (135, 300, 0, 'b', 60, 130, 2, 1, '', 1716260043, 0, 0);
INSERT INTO chessempire.game (id, time, rated, winner, black_rating, white_rating, black_id, white_id, history, played_date, black_rating_change, white_rating_change) VALUES (136, 300, 0, 'w', 130, 60, 1, 2, '', 1716260190, 0, 0);
INSERT INTO chessempire.game (id, time, rated, winner, black_rating, white_rating, black_id, white_id, history, played_date, black_rating_change, white_rating_change) VALUES (137, 900, 0, 'w', 130, 110, 1, 3, '', 1716260203, 0, 0);
INSERT INTO chessempire.game (id, time, rated, winner, black_rating, white_rating, black_id, white_id, history, played_date, black_rating_change, white_rating_change) VALUES (138, 300, 0, 'w', 130, 60, 1, 2, '', 1716260260, 0, 0);
INSERT INTO chessempire.game (id, time, rated, winner, black_rating, white_rating, black_id, white_id, history, played_date, black_rating_change, white_rating_change) VALUES (139, 300, 0, 'w', 130, 110, 1, 3, '', 1716260266, 0, 0);
INSERT INTO chessempire.game (id, time, rated, winner, black_rating, white_rating, black_id, white_id, history, played_date, black_rating_change, white_rating_change) VALUES (140, 300, 0, 'w', 130, 60, 1, 2, '', 1716260276, 0, 0);
INSERT INTO chessempire.game (id, time, rated, winner, black_rating, white_rating, black_id, white_id, history, played_date, black_rating_change, white_rating_change) VALUES (141, 300, 0, 'w', 130, 60, 1, 2, '', 1716260603, 0, 0);
INSERT INTO chessempire.game (id, time, rated, winner, black_rating, white_rating, black_id, white_id, history, played_date, black_rating_change, white_rating_change) VALUES (142, 300, 0, 'w', 130, 110, 1, 3, '', 1716260754, 0, 0);
INSERT INTO chessempire.game (id, time, rated, winner, black_rating, white_rating, black_id, white_id, history, played_date, black_rating_change, white_rating_change) VALUES (143, 300, 0, 'w', 60, 130, 2, 1, '', 1716260763, 0, 0);
INSERT INTO chessempire.game (id, time, rated, winner, black_rating, white_rating, black_id, white_id, history, played_date, black_rating_change, white_rating_change) VALUES (144, 300, 0, 'b', 60, 130, 2, 1, '', 1716260827, 0, 0);
INSERT INTO chessempire.game (id, time, rated, winner, black_rating, white_rating, black_id, white_id, history, played_date, black_rating_change, white_rating_change) VALUES (145, 300, 0, 'b', 130, 110, 1, 3, '', 1716260844, 0, 0);
INSERT INTO chessempire.game (id, time, rated, winner, black_rating, white_rating, black_id, white_id, history, played_date, black_rating_change, white_rating_change) VALUES (146, 900, 0, 'w', 60, 130, 2, 1, '', 1716260862, 0, 0);
INSERT INTO chessempire.game (id, time, rated, winner, black_rating, white_rating, black_id, white_id, history, played_date, black_rating_change, white_rating_change) VALUES (147, 300, 0, 'b', 110, 130, 3, 1, '', 1716260873, 0, 0);
INSERT INTO chessempire.game (id, time, rated, winner, black_rating, white_rating, black_id, white_id, history, played_date, black_rating_change, white_rating_change) VALUES (148, 300, 0, 'b', 130, 60, 1, 2, '', 1716260890, 0, 0);
INSERT INTO chessempire.game (id, time, rated, winner, black_rating, white_rating, black_id, white_id, history, played_date, black_rating_change, white_rating_change) VALUES (149, 900, 0, 'w', 110, 130, 3, 1, 'f7f5 g2g4 g7g6 g4f5 b8a6 f5g6 a6b8 g6h7 b8a6 h7g8q b7b5 a2a4 b5a4 b2b3 a4b3 g8c4 b3c2 c4b4 c2b1N b4a3 b1a3', 1716265262, 0, 0);
INSERT INTO chessempire.game (id, time, rated, winner, black_rating, white_rating, black_id, white_id, history, played_date, black_rating_change, white_rating_change) VALUES (150, 300, 1, 'b', 130, 110, 1, 3, 'c7c5 b2b4 c5b4 c2c3 b4c3 c1b2 c3b2 b1c3 b2a1Q c3b1 a1e5 b1c3', 1716273889, 0, 0);
INSERT INTO chessempire.game (id, time, rated, winner, black_rating, white_rating, black_id, white_id, history, played_date, black_rating_change, white_rating_change) VALUES (151, 900, 1, 'b', 140, 100, 1, 3, 'f7f6 e2e3 g7g5 d1h5', 1716311853, 0, 0);
INSERT INTO chessempire.game (id, time, rated, winner, black_rating, white_rating, black_id, white_id, history, played_date, black_rating_change, white_rating_change) VALUES (152, 300, 0, 'w', 90, 150, 3, 1, 'f7f6 d2d3 g7g6 c2c3 g8h6 b2b3 f8g7 b3b4 a7a6 d1b3 e7e6 h2h3 w00', 1716311948, 0, 0);
INSERT INTO chessempire.game (id, time, rated, winner, black_rating, white_rating, black_id, white_id, history, played_date, black_rating_change, white_rating_change) VALUES (153, 300, 0, 'b', 150, 90, 1, 3, 'c7c5 b2b4 c5b4 c2c3 b4c3 c1b2 c3b2 g1f3 b2a1Q', 1716312047, 0, 0);
INSERT INTO chessempire.game (id, time, rated, winner, black_rating, white_rating, black_id, white_id, history, played_date, black_rating_change, white_rating_change) VALUES (154, 300, 0, 'w', 150, 90, 1, 3, '', 1716312274, 0, 0);
INSERT INTO chessempire.game (id, time, rated, winner, black_rating, white_rating, black_id, white_id, history, played_date, black_rating_change, white_rating_change) VALUES (155, 900, 0, 'b', 150, 90, 1, 3, 'f7f6 e2e3 g7g5 d1h5', 1716312993, 0, 0);
INSERT INTO chessempire.game (id, time, rated, winner, black_rating, white_rating, black_id, white_id, history, played_date, black_rating_change, white_rating_change) VALUES (156, 300, 1, 'w', 150, 90, 1, 3, '', 1716313063, 0, 0);
INSERT INTO chessempire.game (id, time, rated, winner, black_rating, white_rating, black_id, white_id, history, played_date, black_rating_change, white_rating_change) VALUES (157, 60, 0, 'b', 140, 100, 1, 3, '', 1716313119, 0, 0);
INSERT INTO chessempire.game (id, time, rated, winner, black_rating, white_rating, black_id, white_id, history, played_date, black_rating_change, white_rating_change) VALUES (158, 900, 0, 'b', 140, 100, 1, 3, 'f7f6 c2c4 g7g6 b1c3 g8h6 b2b3 f8g7 c1b2 w00 d1c2 h6f5 b000', 1716313194, 0, 0);
INSERT INTO chessempire.game (id, time, rated, winner, black_rating, white_rating, black_id, white_id, history, played_date, black_rating_change, white_rating_change) VALUES (159, 300, 0, 'b', 140, 100, 1, 3, 'c7c5 b2b4 c5b4 c2c3 b4c3 c1b2 c3b2 b1c3 b2a1Q d1c1 a1c1 c3d1', 1716313254, 0, 0);
INSERT INTO chessempire.game (id, time, rated, winner, black_rating, white_rating, black_id, white_id, history, played_date, black_rating_change, white_rating_change) VALUES (160, 300, 0, 'b', 140, 100, 1, 3, '', 1716313419, 0, 0);
INSERT INTO chessempire.game (id, time, rated, winner, black_rating, white_rating, black_id, white_id, history, played_date, black_rating_change, white_rating_change) VALUES (161, 300, 0, 'w', 100, 60, 3, 2, '', 1716313443, 0, 0);
INSERT INTO chessempire.game (id, time, rated, winner, black_rating, white_rating, black_id, white_id, history, played_date, black_rating_change, white_rating_change) VALUES (162, 300, 0, 'w', 100, 60, 3, 2, '', 1716313609, 0, 0);
INSERT INTO chessempire.game (id, time, rated, winner, black_rating, white_rating, black_id, white_id, history, played_date, black_rating_change, white_rating_change) VALUES (163, 300, 0, 'b', 100, 140, 3, 1, 'd7d5 c2c4 d5c4', 1717256433, 0, 0);
INSERT INTO chessempire.game (id, time, rated, winner, black_rating, white_rating, black_id, white_id, history, played_date, black_rating_change, white_rating_change) VALUES (164, 300, 0, 'w', 140, 100, 1, 5, 'e7e5 c2c3 b8c6 b2b4 d7d5', 1717256643, 0, 0);
INSERT INTO chessempire.game (id, time, rated, winner, black_rating, white_rating, black_id, white_id, history, played_date, black_rating_change, white_rating_change) VALUES (165, 300, 0, 'w', 140, 60, 1, 2, 'e7e5 d2d4 g8f6 c1g5', 1717256863, 0, 0);
INSERT INTO chessempire.game (id, time, rated, winner, black_rating, white_rating, black_id, white_id, history, played_date, black_rating_change, white_rating_change) VALUES (166, 300, 0, 'b', 100, 140, 6, 1, 'e7e5 e2e4 d8h4 b1c3 h4e4 c3e4 b8c6 d2d3 c6b4', 1717257396, 0, 0);
INSERT INTO chessempire.game (id, time, rated, winner, black_rating, white_rating, black_id, white_id, history, played_date, black_rating_change, white_rating_change) VALUES (167, 60, 1, 'b', 140, 100, 1, 6, 'e7e5 b1c3 g8f6 d2d4', 1717257460, 0, 0);
INSERT INTO chessempire.game (id, time, rated, winner, black_rating, white_rating, black_id, white_id, history, played_date, black_rating_change, white_rating_change) VALUES (168, 60, 0, 'w', 90, 150, 6, 1, 'f7f5 d2d4 g8f6 g1f3 f6h5 c1g5 h5g3 f2g3 d7d6 b1c3 d8d7 d4d5 c7c6 d5c6 d7c6 d1d4 c6c3', 1717257573, 0, 0);
INSERT INTO chessempire.game (id, time, rated, winner, black_rating, white_rating, black_id, white_id, history, played_date, black_rating_change, white_rating_change) VALUES (169, 300, 0, 'b', 150, 100, 1, 3, 'e7e5', 1717281605, 0, 0);
INSERT INTO chessempire.game (id, time, rated, winner, black_rating, white_rating, black_id, white_id, history, played_date, black_rating_change, white_rating_change) VALUES (170, 300, 0, 'w', 60, 150, 2, 1, 'f7f5', 1717285856, 0, 0);
INSERT INTO chessempire.game (id, time, rated, winner, black_rating, white_rating, black_id, white_id, history, played_date, black_rating_change, white_rating_change) VALUES (171, 300, 0, 'b', 150, 100, 1, 3, 'f7f6 e2e3 g7g5 d1h5', 1717365833, 0, 0);
INSERT INTO chessempire.game (id, time, rated, winner, black_rating, white_rating, black_id, white_id, history, played_date, black_rating_change, white_rating_change) VALUES (172, 300, 0, 'w', 150, 100, 1, 3, 'g7g6 g1h3 g8f6 h3f4 f8g7 f4h3 white00', 1717365855, 0, 0);
INSERT INTO chessempire.game (id, time, rated, winner, black_rating, white_rating, black_id, white_id, history, played_date, black_rating_change, white_rating_change) VALUES (173, 300, 0, 'w', 150, 100, 1, 3, 'g7g6 g1h3 g8f6 h3g1 f8g7 g1h3 white00', 1717365915, 0, 0);
INSERT INTO chessempire.game (id, time, rated, winner, black_rating, white_rating, black_id, white_id, history, played_date, black_rating_change, white_rating_change) VALUES (174, 300, 0, 'b', 150, 100, 1, 3, 'g7g6 g1h3 g8f6 h3g1 f8g7 g1h3 w00 h3f4 f6e8 d2d3 e8f6 c1e3 f8e8 d1d2 f6h5 b1c3 h5f6 b000 g8f8', 1717366039, 0, 0);
INSERT INTO chessempire.game (id, time, rated, winner, black_rating, white_rating, black_id, white_id, history, played_date, black_rating_change, white_rating_change) VALUES (175, 300, 0, 'w', 100, 150, 3, 1, 'g7g6 c2c3 d7d6 d1b3 g8h6 b3c2 f8g7 c2a4 c7c6 a4b3 b8a6 b1a3 f7f6 b3c4 d6d5', 1717366111, 0, 0);
INSERT INTO chessempire.game (id, time, rated, winner, black_rating, white_rating, black_id, white_id, history, played_date, black_rating_change, white_rating_change) VALUES (176, 60, 1, 'w', 100, 150, 3, 1, 'f7f6 d2d4 g8h6 d1d3 h6f5 d3b5 f5d4', 1717366227, 0, 0);
INSERT INTO chessempire.game (id, time, rated, winner, black_rating, white_rating, black_id, white_id, history, played_date, black_rating_change, white_rating_change) VALUES (177, 300, 0, 'w', 160, 90, 1, 3, 'b7b5 a2a4 b5a4 b2b3 a4b3 c1a3 b3c2 a3c1', 1717366323, 0, 0);
INSERT INTO chessempire.game (id, time, rated, winner, black_rating, white_rating, black_id, white_id, history, played_date, black_rating_change, white_rating_change) VALUES (178, 300, 0, 'b', 90, 160, 3, 1, 'b7b5 a2a4 b5a4 b2b3 a4b3 g1h3 b3c2 h3g1', 1717366404, 0, 0);
INSERT INTO chessempire.game (id, time, rated, winner, black_rating, white_rating, black_id, white_id, history, played_date, black_rating_change, white_rating_change) VALUES (179, 300, 0, 'w', 90, 160, 3, 1, 'b7b5 a2a4 b5a4 g1h3 g8h6 b2b3 a4b3 h3g1 b3c2 g1h3 c2b1Q h3g1 b1e4 d2d3 e4e5 a1a5 e5a5 c1d2 c7c5 d2b4 c5b4 d1c2 b4b3 c2d2 b3b2 g1h3 b2b1N h3g1 b1d2 g1h3 d2b3 e1d1 d8c7 h3g5 h6g8 g5h3 g8f6 h3g5 f6g4 g5h3 g4e3 f2e3 c7g3 e3e4 g3h2 h3f2 h2h1 f2h3 h1f1 d1c2 a5a2 c2c3 a2a4 c3b2 f1a1 b2c2 a1c1', 1717366517, 0, 0);
INSERT INTO chessempire.game (id, time, rated, winner, black_rating, white_rating, black_id, white_id, history, played_date, black_rating_change, white_rating_change) VALUES (180, 300, 0, 'b', 160, 90, 1, 3, 'b7b5 a2a4 b5a4 b2b3 a4b3 g1h3 b3c2 h3g1 c2b1Q c1b2 b1d1 e1d1', 1717367088, 0, 0);
INSERT INTO chessempire.game (id, time, rated, winner, black_rating, white_rating, black_id, white_id, history, played_date, black_rating_change, white_rating_change) VALUES (181, 300, 0, 'b', 90, 160, 3, 1, 'c7c5 b1c3 d8a5', 1717367202, 0, 0);
INSERT INTO chessempire.game (id, time, rated, winner, black_rating, white_rating, black_id, white_id, history, played_date, black_rating_change, white_rating_change) VALUES (182, 300, 0, 'w', 90, 160, 3, 1, 'e7e5 c2c3 d8g5 b1a3', 1717367571, 0, 0);
INSERT INTO chessempire.game (id, time, rated, winner, black_rating, white_rating, black_id, white_id, history, played_date, black_rating_change, white_rating_change) VALUES (183, 300, 0, 'b', 160, 90, 1, 3, 'f7f6 e2e3 g7g5 d1h5', 1717367628, 0, 0);
INSERT INTO chessempire.game (id, time, rated, winner, black_rating, white_rating, black_id, white_id, history, played_date, black_rating_change, white_rating_change) VALUES (184, 300, 0, 'w', 160, 90, 1, 3, 'e7e5', 1717410245, 0, 0);
INSERT INTO chessempire.game (id, time, rated, winner, black_rating, white_rating, black_id, white_id, history, played_date, black_rating_change, white_rating_change) VALUES (185, 300, 0, 'w', 160, 90, 1, 3, '', 1717410400, 0, 0);
INSERT INTO chessempire.game (id, time, rated, winner, black_rating, white_rating, black_id, white_id, history, played_date, black_rating_change, white_rating_change) VALUES (186, 300, 0, 'w', 160, 90, 1, 3, 'e7e5 e2e3 f7f6 b2b4', 1717417721, 0, 0);
INSERT INTO chessempire.game (id, time, rated, winner, black_rating, white_rating, black_id, white_id, history, played_date, black_rating_change, white_rating_change) VALUES (187, 60, 0, 'b', 90, 160, 3, 1, '', 1717418022, 0, 0);
INSERT INTO chessempire.game (id, time, rated, winner, black_rating, white_rating, black_id, white_id, history, played_date, black_rating_change, white_rating_change) VALUES (188, 300, 0, 'b', 160, 90, 1, 3, 'b7b5 a2a4 b5a4 b2b3 a4b3 g1h3 b3c2 h3g1 c2b1Q', 1717418467, 0, 0);
INSERT INTO chessempire.game (id, time, rated, winner, black_rating, white_rating, black_id, white_id, history, played_date, black_rating_change, white_rating_change) VALUES (189, 300, 0, 'b', 160, 90, 1, 3, 'b7b5', 1717418505, 0, 0);
INSERT INTO chessempire.game (id, time, rated, winner, black_rating, white_rating, black_id, white_id, history, played_date, black_rating_change, white_rating_change) VALUES (190, 60, 0, 'b', 160, 90, 1, 3, 'b7b5 a2a4 b5a4 b2b3 a4b3 a1a2 b3a2 c1b2', 1717418528, 0, 0);
INSERT INTO chessempire.game (id, time, rated, winner, black_rating, white_rating, black_id, white_id, history, played_date, black_rating_change, white_rating_change) VALUES (191, 300, 0, 'b', 160, 90, 1, 3, 'd7d5 c2c4 d5c4 b2b3 c4b3 c1b2 b3a2 b2c1 a2b1Q d1c2 b1b4 c2c6 b7c6', 1717418609, 0, 0);
INSERT INTO chessempire.game (id, time, rated, winner, black_rating, white_rating, black_id, white_id, history, played_date, black_rating_change, white_rating_change) VALUES (192, 900, 0, 'b', 160, 90, 1, 3, '', 1717419167, 0, 0);
INSERT INTO chessempire.game (id, time, rated, winner, black_rating, white_rating, black_id, white_id, history, played_date, black_rating_change, white_rating_change) VALUES (193, 300, 0, 'b', 160, 90, 1, 3, '', 1717420824, 0, 0);
INSERT INTO chessempire.game (id, time, rated, winner, black_rating, white_rating, black_id, white_id, history, played_date, black_rating_change, white_rating_change) VALUES (194, 300, 0, 'w', 90, 160, 3, 1, '', 1717421093, 0, 0);
INSERT INTO chessempire.game (id, time, rated, winner, black_rating, white_rating, black_id, white_id, history, played_date, black_rating_change, white_rating_change) VALUES (195, 300, 0, 'w', 90, 160, 3, 1, '', 1717421102, 0, 0);
INSERT INTO chessempire.game (id, time, rated, winner, black_rating, white_rating, black_id, white_id, history, played_date, black_rating_change, white_rating_change) VALUES (196, 300, 0, 'w', 160, 90, 1, 3, '', 1717421207, 0, 0);
INSERT INTO chessempire.game (id, time, rated, winner, black_rating, white_rating, black_id, white_id, history, played_date, black_rating_change, white_rating_change) VALUES (197, 300, 0, 'w', 90, 160, 3, 1, '', 1717421375, 0, 0);
INSERT INTO chessempire.game (id, time, rated, winner, black_rating, white_rating, black_id, white_id, history, played_date, black_rating_change, white_rating_change) VALUES (198, 300, 0, 'w', 160, 90, 1, 3, '', 1717421403, 0, 0);
INSERT INTO chessempire.game (id, time, rated, winner, black_rating, white_rating, black_id, white_id, history, played_date, black_rating_change, white_rating_change) VALUES (199, 300, 0, 'b', 160, 90, 1, 3, '', 1717421445, 0, 0);
INSERT INTO chessempire.game (id, time, rated, winner, black_rating, white_rating, black_id, white_id, history, played_date, black_rating_change, white_rating_change) VALUES (200, 300, 0, 'b', 90, 160, 3, 1, '', 1717421451, 0, 0);
INSERT INTO chessempire.game (id, time, rated, winner, black_rating, white_rating, black_id, white_id, history, played_date, black_rating_change, white_rating_change) VALUES (201, 300, 0, 'w', 90, 160, 3, 1, '', 1717421467, 0, 0);
INSERT INTO chessempire.game (id, time, rated, winner, black_rating, white_rating, black_id, white_id, history, played_date, black_rating_change, white_rating_change) VALUES (202, 300, 0, 'w', 90, 160, 3, 1, '', 1717421612, 0, 0);
INSERT INTO chessempire.game (id, time, rated, winner, black_rating, white_rating, black_id, white_id, history, played_date, black_rating_change, white_rating_change) VALUES (203, 300, 0, 'w', 160, 90, 1, 3, '', 1717421616, 0, 0);
INSERT INTO chessempire.game (id, time, rated, winner, black_rating, white_rating, black_id, white_id, history, played_date, black_rating_change, white_rating_change) VALUES (204, 300, 0, 'b', 90, 160, 3, 1, '', 1717421638, 0, 0);
INSERT INTO chessempire.game (id, time, rated, winner, black_rating, white_rating, black_id, white_id, history, played_date, black_rating_change, white_rating_change) VALUES (205, 300, 0, 'w', 90, 160, 3, 1, '', 1717421708, 0, 0);
INSERT INTO chessempire.game (id, time, rated, winner, black_rating, white_rating, black_id, white_id, history, played_date, black_rating_change, white_rating_change) VALUES (206, 300, 0, 'b', 160, 90, 1, 3, '', 1717421719, 0, 0);
INSERT INTO chessempire.game (id, time, rated, winner, black_rating, white_rating, black_id, white_id, history, played_date, black_rating_change, white_rating_change) VALUES (207, 300, 0, 'w', 90, 160, 3, 1, '', 1717421784, 0, 0);
INSERT INTO chessempire.game (id, time, rated, winner, black_rating, white_rating, black_id, white_id, history, played_date, black_rating_change, white_rating_change) VALUES (208, 300, 0, 'w', 90, 160, 3, 1, '', 1717421826, 0, 0);
INSERT INTO chessempire.game (id, time, rated, winner, black_rating, white_rating, black_id, white_id, history, played_date, black_rating_change, white_rating_change) VALUES (209, 300, 0, 'w', 90, 160, 3, 1, '', 1717421887, 0, 0);
INSERT INTO chessempire.game (id, time, rated, winner, black_rating, white_rating, black_id, white_id, history, played_date, black_rating_change, white_rating_change) VALUES (210, 300, 0, 'w', 90, 160, 3, 1, '', 1717421910, 0, 0);
INSERT INTO chessempire.game (id, time, rated, winner, black_rating, white_rating, black_id, white_id, history, played_date, black_rating_change, white_rating_change) VALUES (211, 300, 0, 'b', 160, 90, 1, 3, '', 1717421955, 0, 0);
INSERT INTO chessempire.game (id, time, rated, winner, black_rating, white_rating, black_id, white_id, history, played_date, black_rating_change, white_rating_change) VALUES (212, 300, 0, 'b', 90, 160, 3, 1, 'e7e6 c2c4 d8h4 d1a4 h4c4', 1717421997, 0, 0);
INSERT INTO chessempire.game (id, time, rated, winner, black_rating, white_rating, black_id, white_id, history, played_date, black_rating_change, white_rating_change) VALUES (213, 300, 0, 'w', 90, 160, 3, 1, '', 1717422064, 0, 0);
INSERT INTO chessempire.game (id, time, rated, winner, black_rating, white_rating, black_id, white_id, history, played_date, black_rating_change, white_rating_change) VALUES (214, 300, 0, 'b', 90, 160, 3, 1, 'e7e5', 1717422102, 0, 0);
INSERT INTO chessempire.game (id, time, rated, winner, black_rating, white_rating, black_id, white_id, history, played_date, black_rating_change, white_rating_change) VALUES (215, 300, 0, 'b', 160, 90, 1, 3, 'f7f6 e2e3 g7g5 d1h5', 1717422254, 0, 0);
INSERT INTO chessempire.game (id, time, rated, winner, black_rating, white_rating, black_id, white_id, history, played_date, black_rating_change, white_rating_change) VALUES (216, 300, 0, 'b', 100, 160, null, 1, 'f7f6 f2f3 g7g5 e2e4 f6f5 f3f4 g5f4 d1h5', 1717422908, 0, 0);
INSERT INTO chessempire.game (id, time, rated, winner, black_rating, white_rating, black_id, white_id, history, played_date, black_rating_change, white_rating_change) VALUES (217, 300, 0, 'b', 100, 160, null, 1, 'f7f6 e2e3 g7g5 d1h5', 1717423574, 0, 0);
INSERT INTO chessempire.game (id, time, rated, winner, black_rating, white_rating, black_id, white_id, history, played_date, black_rating_change, white_rating_change) VALUES (218, 300, 0, 'w', 160, 100, 1, null, 'b7b5 a2a4 b5a4 b2b3 a4b3 a1a2 b3a2 c1b2', 1717423595, 0, 0);
INSERT INTO chessempire.game (id, time, rated, winner, black_rating, white_rating, black_id, white_id, history, played_date, black_rating_change, white_rating_change) VALUES (219, 300, 0, 'b', 160, 100, 1, null, 'c7c5 b2b4 c5b4 c2c3 b4c3 c1b2 c3b2 b1a3 b2a1Q a3b1 a1e5 b1c3 e5c3 d2c3 d8a5 d1d5 a5d5 c3c4 d5c4 e2e3 c4f1 e1f1', 1717423626, 0, 0);
INSERT INTO chessempire.game (id, time, rated, winner, black_rating, white_rating, black_id, white_id, history, played_date, black_rating_change, white_rating_change) VALUES (220, 300, 0, 't', 100, 160, null, 1, 'e7e6 a2a4 d8h4 a1a3 h4a4 h2h4 a4c2 a3h3 h7h5 f2f3 c2d2 e1f2 d2b2 d1d6 b2b1 d6h2 b1c1 f2g3 c1e3', 1717423681, 0, 0);
INSERT INTO chessempire.game (id, time, rated, winner, black_rating, white_rating, black_id, white_id, history, played_date, black_rating_change, white_rating_change) VALUES (221, 300, 0, 'b', 100, 160, null, 1, '', 1717423823, 0, 0);
INSERT INTO chessempire.game (id, time, rated, winner, black_rating, white_rating, black_id, white_id, history, played_date, black_rating_change, white_rating_change) VALUES (222, 300, 0, 'b', 100, 160, null, 1, 'd7d5', 1717423835, 0, 0);
INSERT INTO chessempire.game (id, time, rated, winner, black_rating, white_rating, black_id, white_id, history, played_date, black_rating_change, white_rating_change) VALUES (223, 300, 0, 'b', 160, 90, 1, 3, '', 1717435967, 0, 0);
INSERT INTO chessempire.game (id, time, rated, winner, black_rating, white_rating, black_id, white_id, history, played_date, black_rating_change, white_rating_change) VALUES (224, 300, 0, 'b', 160, 90, 1, 3, '', 1717435988, 0, 0);
INSERT INTO chessempire.game (id, time, rated, winner, black_rating, white_rating, black_id, white_id, history, played_date, black_rating_change, white_rating_change) VALUES (225, 300, 0, 'b', 90, 160, 3, 1, '', 1717436528, 0, 0);
INSERT INTO chessempire.game (id, time, rated, winner, black_rating, white_rating, black_id, white_id, history, played_date, black_rating_change, white_rating_change) VALUES (226, 300, 0, 'b', 90, 160, 3, 1, 'f7f5', 1717436538, 0, 0);
INSERT INTO chessempire.game (id, time, rated, winner, black_rating, white_rating, black_id, white_id, history, played_date, black_rating_change, white_rating_change) VALUES (227, 300, 0, 'b', 90, 160, 3, 1, 'f7f5 e2e4', 1717436594, 0, 0);
INSERT INTO chessempire.game (id, time, rated, winner, black_rating, white_rating, black_id, white_id, history, played_date, black_rating_change, white_rating_change) VALUES (228, 900, 0, 'b', 160, 90, 1, 3, 'f7f6 d2d3 g8h6 g2g3 g7g6 f1h3 f8g7 g3g4 w00 e2e4 h6f5 g4f5 e7e6 f5e6 d8e8 e6d7 g8h8 d7e8q', 1717436917, 0, 0);
INSERT INTO chessempire.game (id, time, rated, winner, black_rating, white_rating, black_id, white_id, history, played_date, black_rating_change, white_rating_change) VALUES (229, 900, 0, 'b', 160, 90, 1, 3, 'e7e6 g2g3 d7d5 f1g2 d5d4 g1f3 d4d3 b00 d3c2 d1e1 c2b1Q f3d4 f8b4 e2e4 e6e5 e1e3 e5d4 e3d4', 1717437303, 0, 0);
INSERT INTO chessempire.game (id, time, rated, winner, black_rating, white_rating, black_id, white_id, history, played_date, black_rating_change, white_rating_change) VALUES (230, 900, 0, 'b', 90, 160, 3, 1, 'f7f5 g2g3 f5f4 g1f3 e7e5 f1g2 e5e4 b00 e4e3 d1e1 e3d2 e1d1 d2c1Q d1e1 c1e3 e1b4 e3e5 f3d4', 1717438741, 0, 0);
INSERT INTO chessempire.game (id, time, rated, winner, black_rating, white_rating, black_id, white_id, history, played_date, black_rating_change, white_rating_change) VALUES (231, 900, 0, 'b', 160, 90, 1, 3, 'f7f5 d2d4 e7e5 g2g3 e5d4 g1f3 d4d3 f1g2 d3c2 b00 c2d1Q f3e1 d1d4 e1d3 d4d3', 1717440708, 0, 0);
INSERT INTO chessempire.game (id, time, rated, winner, black_rating, white_rating, black_id, white_id, history, played_date, black_rating_change, white_rating_change) VALUES (232, 900, 0, 'w', 160, 90, 1, 3, 'e7e5 g2g3 e5e4 g1f3 e4e3 f1h3 e3d2 d1d2 d7d5 b00 d5d4 d2c3 d4c3 b1d2 c3d2 f3d4 d2c1Q d4b3 c1f4 b3d4 f7f5 d4f5 d8d4 f5d4 f8c5 d4b5 c8f5 b5d4', 1717442350, 0, 0);
INSERT INTO chessempire.game (id, time, rated, winner, black_rating, white_rating, black_id, white_id, history, played_date, black_rating_change, white_rating_change) VALUES (233, 300, 0, 'b', 160, 90, 1, 3, '', 1717445177, 0, 0);
INSERT INTO chessempire.game (id, time, rated, winner, black_rating, white_rating, black_id, white_id, history, played_date, black_rating_change, white_rating_change) VALUES (234, 900, 0, 'w', 90, 160, 3, 1, 'f7f5 d2d4 g7g5 d1d3 g8f6 d4d5 f8g7 d5d6 w00 d6c7 d8e8 c7b8q b7b5 d3b5 e8h5 b5c4 f6d5', 1717445531, 0, 0);
INSERT INTO chessempire.game (id, time, rated, winner, black_rating, white_rating, black_id, white_id, history, played_date, black_rating_change, white_rating_change) VALUES (235, 900, 0, 'w', 90, 160, 3, 1, '', 1717447962, 0, 0);
INSERT INTO chessempire.game (id, time, rated, winner, black_rating, white_rating, black_id, white_id, history, played_date, black_rating_change, white_rating_change) VALUES (236, 900, 0, 'w', 90, 160, 3, 1, '', 1717448142, 0, 0);
INSERT INTO chessempire.game (id, time, rated, winner, black_rating, white_rating, black_id, white_id, history, played_date, black_rating_change, white_rating_change) VALUES (237, 900, 0, 'b', 60, 90, 2, 3, '', 1717448313, 0, 0);
INSERT INTO chessempire.game (id, time, rated, winner, black_rating, white_rating, black_id, white_id, history, played_date, black_rating_change, white_rating_change) VALUES (238, 900, 0, 'b', 90, 60, 3, 2, 'e7e5 d2d4 d8h4 d1d2 e5d4 d2c3 d4c3 g1f3 c3b2 e1d2 b2a1Q f3h4', 1717448469, 0, 0);
INSERT INTO chessempire.game (id, time, rated, winner, black_rating, white_rating, black_id, white_id, history, played_date, black_rating_change, white_rating_change) VALUES (239, 300, 0, 'b', 160, 90, 1, 3, 'd7d5 b2b3 d5d4 b1c3 d4d3 c1b2 d3e2 d1e2 e7e5 e2f3 e5e4 b000 e4f3 c3e2 f3e2 d1e1', 1717449103, 0, 0);
INSERT INTO chessempire.game (id, time, rated, winner, black_rating, white_rating, black_id, white_id, history, played_date, black_rating_change, white_rating_change) VALUES (240, 300, 0, 'w', 160, 90, 1, 3, 'b7b5 a2a4 b5a4 b2b3 a4b3 e2e3 b3c2 f1e2 c2b1Q g1f3 b1f5 b00 f5c5 e3e4 c5b4 c1b2 b4d2', 1717449338, 0, 0);
INSERT INTO chessempire.game (id, time, rated, winner, black_rating, white_rating, black_id, white_id, history, played_date, black_rating_change, white_rating_change) VALUES (241, 300, 0, 'w', 90, 160, 3, 1, '', 1717449477, 0, 0);
INSERT INTO chessempire.game (id, time, rated, winner, black_rating, white_rating, black_id, white_id, history, played_date, black_rating_change, white_rating_change) VALUES (242, 300, 0, 'b', 160, 90, 1, 3, 'e7e5 c2c4 d7d6 e2e3 c8e6 d1c2 d8f6 c2g6 e6g4 e3e4', 1717449706, 0, 0);
INSERT INTO chessempire.game (id, time, rated, winner, black_rating, white_rating, black_id, white_id, history, played_date, black_rating_change, white_rating_change) VALUES (243, 300, 0, 'w', 160, 90, 1, 3, 'e7e5 f2f4 e5f4 g2g3 f4g3 f1g2 g3h2 g2f1 h2g1Q b1a3 g1h1 a3b1 d8h4', 1717453315, 0, 0);
INSERT INTO chessempire.game (id, time, rated, winner, black_rating, white_rating, black_id, white_id, history, played_date, black_rating_change, white_rating_change) VALUES (244, 300, 0, 'b', 100, 160, null, 1, 'b7b5 a2a4 b5a4 b2b3 a4b3 g1h3 b3c2 h3g1 c2b1Q c1a3 c7c6 d2d3 d8b6 a3c1 c6c5 d1b3 b1b3 c1f4 c5c4 f4g3 b6a5', 1717454356, 0, 0);
INSERT INTO chessempire.game (id, time, rated, winner, black_rating, white_rating, black_id, white_id, history, played_date, black_rating_change, white_rating_change) VALUES (245, 300, 0, 'b', 160, 100, 1, null, 'b7b5 a2a4 b5a4 b2b3 a4b3 g1h3 b3c2 h3g1 c2b1Q d1b3', 1717454567, 0, 0);
INSERT INTO chessempire.game (id, time, rated, winner, black_rating, white_rating, black_id, white_id, history, played_date, black_rating_change, white_rating_change) VALUES (246, 300, 0, 'b', 160, 100, 1, null, 'b7b5 a2a4 b5a4 b2b3 a4b3 g1h3 b3c2 h3g1 c2b1Q d1b3 b1b3 c1a3', 1717454642, 0, 0);
INSERT INTO chessempire.game (id, time, rated, winner, black_rating, white_rating, black_id, white_id, history, played_date, black_rating_change, white_rating_change) VALUES (247, 300, 0, 'w', 160, 100, 1, null, 'b7b5 a2a4 b5a4 b2b3 a4b3 g1h3 b3c2 h3g1 c2b1Q d1b3 b1b3 c1b2 c7c6 b2e5 d8b6 e5g3 b6a6 d2d3 a6a5', 1717454728, 0, 0);
INSERT INTO chessempire.game (id, time, rated, winner, black_rating, white_rating, black_id, white_id, history, played_date, black_rating_change, white_rating_change) VALUES (248, 300, 0, 'w', 100, 160, null, 1, 'b7b5 a2a4 b5a4 b2b3 a4b3 c1b2 b3c2 b2e5 c2b1Q e5g3 c7c6 d2d3 b1b2 d1b3 b2b3 g3h4 d8b6 h4g3 b6b4', 1717455887, 0, 0);
INSERT INTO chessempire.game (id, time, rated, winner, black_rating, white_rating, black_id, white_id, history, played_date, black_rating_change, white_rating_change) VALUES (249, 300, 0, 'b', 90, 160, 3, 1, 'f7f6 e2e3 g7g5 d1g4 b8a6 b2b4 a6c5 b4c5 b7b6 c5b6 c8b7 b6c7 b7c8 g4f3 a8b8 c7b8q c8b7 f3h5', 1717514965, 0, 0);
INSERT INTO chessempire.game (id, time, rated, winner, black_rating, white_rating, black_id, white_id, history, played_date, black_rating_change, white_rating_change) VALUES (250, 300, 1, 'b', 90, 160, 3, 1, 'f7f6 e2e3 g7g5 d1h5', 1717524691, 10, -10);
INSERT INTO chessempire.game (id, time, rated, winner, black_rating, white_rating, black_id, white_id, history, played_date, black_rating_change, white_rating_change) VALUES (251, 300, 0, 'b', 60, 100, 2, 3, 'e7e5 f2f3 f8e7 d2d4 e5d4 c2c3 d4c3 b1d2 c3b2 f3f4 b2c1Q d1c1 g8f6 d2c4 w00 c4e3', 1717600876, 10, -10);
INSERT INTO chessempire.game (id, time, rated, winner, black_rating, white_rating, black_id, white_id, history, played_date, black_rating_change, white_rating_change) VALUES (252, 300, 0, 'b', 1537, 812, 2, 1, 'f7f6 e2e3 g7g5 d1h5', 1717627123, 0, 0);
INSERT INTO chessempire.game (id, time, rated, winner, black_rating, white_rating, black_id, white_id, history, played_date, black_rating_change, white_rating_change) VALUES (253, 300, 1, 'b', 1537, 812, 2, 1, 'f7f6 e2e3 g7g5 d1h5', 1717627323, 20, -15);
INSERT INTO chessempire.game (id, time, rated, winner, black_rating, white_rating, black_id, white_id, history, played_date, black_rating_change, white_rating_change) VALUES (254, 300, 1, 'b', 797, 1557, 1, 2, 'f7f6 e2e3 g7g5 d1h5', 1717627434, 31, -25);
INSERT INTO chessempire.game (id, time, rated, winner, black_rating, white_rating, black_id, white_id, history, played_date, black_rating_change, white_rating_change) VALUES (255, 300, 1, 'b', 1532, 828, 2, 1, 'f7f6 e2e3 g7g5 d1h5', 1717628162, 15, -12);
INSERT INTO chessempire.game (id, time, rated, winner, black_rating, white_rating, black_id, white_id, history, played_date, black_rating_change, white_rating_change) VALUES (256, 300, 0, 'b', 1547, 816, 2, 1, 'f7f6 e2e3 g7g5 d1h5', 1717628815, 0, 0);
INSERT INTO chessempire.game (id, time, rated, winner, black_rating, white_rating, black_id, white_id, history, played_date, black_rating_change, white_rating_change) VALUES (257, 300, 1, 't', 1547, 816, 2, 1, 'e7e6 a2a4 d8h4 a1a3 h4a4 h2h4 a4c2 a3h3 h7h5 f2f3 c2d2 e1f2 d2b2 d1d6 b2b1 d6h2 b1c1 f2g3 c1e3', 1717628836, 0, 0);
INSERT INTO chessempire.game (id, time, rated, winner, black_rating, white_rating, black_id, white_id, history, played_date, black_rating_change, white_rating_change) VALUES (258, 300, 1, 'b', 100, 100, null, 3, 'f7f6 e2e3 g7g5 d1h5', 1717630216, 30, 0);
INSERT INTO chessempire.game (id, time, rated, winner, black_rating, white_rating, black_id, white_id, history, played_date, black_rating_change, white_rating_change) VALUES (259, 300, 1, 'b', 418, 425, 3, null, 'f7f6 e2e3 g7g5 d1h5', 1717630365, 30, -10);
INSERT INTO chessempire.game (id, time, rated, winner, black_rating, white_rating, black_id, white_id, history, played_date, black_rating_change, white_rating_change) VALUES (260, 900, 1, 'b', 1547, 816, 2, 1, 'f7f5 e2e3 g8f6 d1g4 d7d5 g4d4 c8e6 d4c3 d8d6 c3a3 d6c5 a3b3 f6e4 f1c4 e6d7 b3a4', 1717674020, 15, -11);
INSERT INTO chessempire.game (id, time, rated, winner, black_rating, white_rating, black_id, white_id, history, played_date, black_rating_change, white_rating_change) VALUES (261, 300, 0, 'w', 525, 805, 3, 1, 'f7f5 e2e3 e7e6 d1h5 g7g6 h5g6 h7g6', 1717684652, 0, 0);
INSERT INTO chessempire.game (id, time, rated, winner, black_rating, white_rating, black_id, white_id, history, played_date, black_rating_change, white_rating_change) VALUES (262, 300, 0, 'w', 805, 525, 1, 3, '', 1717697123, 0, 0);
INSERT INTO chessempire.game (id, time, rated, winner, black_rating, white_rating, black_id, white_id, history, played_date, black_rating_change, white_rating_change) VALUES (263, 300, 0, 'b', 805, 525, 1, 3, '', 1717710877, 0, 0);
INSERT INTO chessempire.game (id, time, rated, winner, black_rating, white_rating, black_id, white_id, history, played_date, black_rating_change, white_rating_change) VALUES (264, 300, 1, 'b', 525, 805, 3, 1, '', 1717710888, 35, -18);
INSERT INTO chessempire.game (id, time, rated, winner, black_rating, white_rating, black_id, white_id, history, played_date, black_rating_change, white_rating_change) VALUES (265, 300, 0, 'b', 787, 100, 1, null, 'f7f6 e2e3 g7g5 d1h5', 1717779520, 0, 0);
INSERT INTO chessempire.game (id, time, rated, winner, black_rating, white_rating, black_id, white_id, history, played_date, black_rating_change, white_rating_change) VALUES (266, 300, 0, 'b', 108, 787, 10, 1, 'f7f6 e2e3 g7g5 d1h5', 1717845668, 0, 0);
INSERT INTO chessempire.game (id, time, rated, winner, black_rating, white_rating, black_id, white_id, history, played_date, black_rating_change, white_rating_change) VALUES (267, 300, 0, 'b', 560, 787, 3, 1, 'f7f6 c2c3 g7g6 e2e3 g6g5 d1h5', 1717868755, 0, 0);
INSERT INTO chessempire.game (id, time, rated, winner, black_rating, white_rating, black_id, white_id, history, played_date, black_rating_change, white_rating_change) VALUES (268, 300, 0, 'b', 560, 787, 3, 1, 'e7e6 e2e3 d8h4 d1h5', 1717937375, 0, 0);
INSERT INTO chessempire.game (id, time, rated, winner, black_rating, white_rating, black_id, white_id, history, played_date, black_rating_change, white_rating_change) VALUES (269, 300, 0, 'w', 560, 787, 3, 1, '', 1717937783, 0, 0);
INSERT INTO chessempire.game (id, time, rated, winner, black_rating, white_rating, black_id, white_id, history, played_date, black_rating_change, white_rating_change) VALUES (270, 300, 0, 'b', 787, 560, 1, 3, 'f7f6 e2e3 g7g5 d1h5', 1717938452, 0, 0);
INSERT INTO chessempire.game (id, time, rated, winner, black_rating, white_rating, black_id, white_id, history, played_date, black_rating_change, white_rating_change) VALUES (271, 300, 0, 'b', 787, 560, 1, 3, '', 1717938688, 0, 0);
INSERT INTO chessempire.game (id, time, rated, winner, black_rating, white_rating, black_id, white_id, history, played_date, black_rating_change, white_rating_change) VALUES (272, 900, 1, 'b', 560, 787, 3, 1, 'f7f6 e2e3 g7g5 d1h5', 1717938709, 34, -17);
INSERT INTO chessempire.game (id, time, rated, winner, black_rating, white_rating, black_id, white_id, history, played_date, black_rating_change, white_rating_change) VALUES (273, 300, 0, 'w', 594, 770, 3, 1, 'e7e6 e2e3 f7f5 d1h5', 1717938762, 0, 0);
INSERT INTO chessempire.game (id, time, rated, winner, black_rating, white_rating, black_id, white_id, history, played_date, black_rating_change, white_rating_change) VALUES (274, 300, 0, 'b', 770, 594, 1, 3, 'f7f6 e2e3 g7g5 d1h5', 1717938900, 0, 0);
INSERT INTO chessempire.game (id, time, rated, winner, black_rating, white_rating, black_id, white_id, history, played_date, black_rating_change, white_rating_change) VALUES (275, 300, 0, 'b', 770, 594, 1, 3, '', 1717938936, 0, 0);
INSERT INTO chessempire.game (id, time, rated, winner, black_rating, white_rating, black_id, white_id, history, played_date, black_rating_change, white_rating_change) VALUES (276, 300, 0, 'b', 594, 770, 3, 1, 'e7e6 e2e3 f7f5 d1h5 e8e7 h5f5 e7d6 f5d3 d6e5 d3d4 e5f5 d4g7 f5e4 b1a3 e4f5 a3c4 f5e4 c4e5 e4d5', 1717940260, 0, 0);
INSERT INTO chessempire.game (id, time, rated, winner, black_rating, white_rating, black_id, white_id, history, played_date, black_rating_change, white_rating_change) VALUES (277, 300, 0, 'b', 594, 770, 3, 1, '', 1717940637, 0, 0);
INSERT INTO chessempire.game (id, time, rated, winner, black_rating, white_rating, black_id, white_id, history, played_date, black_rating_change, white_rating_change) VALUES (278, 300, 0, 'b', 770, 594, 1, 3, '', 1717941121, 0, 0);
